date,open,low,high,close
2010-01-04,3297.9773,3280.4955,3307.5409,3296.8409
2010-01-05,3296.4909,3280.1909,3306.2409,3296.2909
2010-01-06,3295.7182,3280.4636,3305.3227,3295.9909
2010-01-07,3295.1591,3281.0955,3304.8818,3296.0045
2010-01-08,3295.0182,3282.1773,3304.7955,3296.4273
2010-01-11,3295.5864,3283.5591,3305.3318,3297.1773
2010-01-12,3296.5455,3285.0409,3306.2773,3297.9591
2010-01-13,3297.7545,3286.7455,3307.5727,3298.9364
2010-01-14,3299.4,3288.7273,3309.2727,3300.2909
2010-01-15,3301.5,3290.3909,3311.4227,3301.4773
2010-01-19,3303.6455,3291.9455,3313.8909,3303.0591
2010-01-20,3306.3864,3293.6136,3317.7864,3305.7909
2010-01-21,3279.1875,3265.4319,3291.8857,3278.8793
2010-01-22,3222.2469,3207.5989,3236.2421,3222.2958
2010-01-25,3135.7015,3120.0634,3150.8555,3135.9745
2010-01-26,3019.2046,3002.7085,3035.4795,3019.7169
2010-01-27,2872.8194,2855.6891,2890.0925,2873.7625
2010-01-28,2696.7063,2679.0996,2714.8327,2698.3468
2010-01-29,2490.9436,2472.9867,2509.8846,2493.4623
2010-02-01,2255.5064,2238.0204,2275.3229,2259.6678
2010-02-02,1990.7482,1974.4759,2010.9809,1996.6235
2010-02-03,1696.203,1681.5465,1715.3663,1702.4642
2010-02-04,1401.1685,1388.3355,1418.1823,1406.9494
2010-02-05,1135.7086,1124.595,1150.5618,1140.8959
2010-02-08,899.6998,890.3304,912.5319,904.4633
2010-02-09,693.3084,685.6367,704.1135,697.6642
2010-02-10,516.589,510.4383,525.4691,520.502
2010-02-11,369.3267,364.6257,376.4295,372.7178
2010-02-12,251.5341,248.1574,256.9269,254.2675
2010-02-16,163.1373,160.9536,166.7914,165.1099
2010-02-17,104.1755,102.4945,106.0853,104.7917
2010-02-18,74.3142,73.0291,75.043,74.0987
2010-02-19,74.4837,73.2936,75.2056,74.3855
2010-02-22,74.6929,73.6052,75.4231,74.7276
2010-02-23,74.9563,73.9513,75.6873,75.083
2010-02-24,75.2406,74.2992,75.9746,75.4362
2010-02-25,75.5167,74.6321,76.2599,75.7753
2010-02-26,75.8284,74.9705,76.564,76.1178
2010-03-01,76.1425,75.3291,76.8796,76.4792
2010-03-02,76.4914,75.7326,77.2544,76.8792
2010-03-03,76.9032,76.1751,77.7071,77.3343
2010-03-04,77.372,76.6724,78.2179,77.8375
2010-03-05,77.8938,77.2115,78.7547,78.3621
2010-03-08,78.429,77.7496,79.2727,78.8603
2010-03-09,78.9307,78.2544,79.7567,79.3342
2010-03-10,79.4115,78.7299,80.216,79.7851
2010-03-11,79.8731,79.1861,80.6545,80.2161
2010-03-12,80.3209,79.626,81.0735,80.621
2010-03-15,80.742,80.0453,81.4668,80.997
2010-03-16,81.1372,80.432,81.8211,81.3414
2010-03-17,81.4844,80.7838,82.111,81.6387
2010-03-18,81.7805,81.0835,82.3325,81.8722
2010-03-19,82.0033,81.3144,82.49,82.0389
2010-03-22,82.1478,81.4745,82.5998,82.1598
2010-03-23,82.2515,81.5925,82.6755,82.2501
2010-03-24,82.3195,81.6768,82.7195,82.3045
2010-03-25,82.3596,81.7349,82.7365,82.3311
2010-03-26,82.3664,81.761,82.7201,82.3223
2010-03-29,82.34,81.761,82.6745,82.2905
2010-03-30,82.2866,81.7338,82.6175,82.2499
2010-03-31,82.2216,81.6867,82.552,82.1843
2010-04-01,82.1382,81.6194,82.4857,82.1164
2010-04-05,82.0589,81.5485,82.4172,82.0433
2010-04-06,81.9851,81.4808,82.3401,81.9687
2010-04-07,81.9147,81.4064,82.2592,81.8764
2010-04-08,81.8234,81.3176,82.1602,81.7693
2010-04-09,81.7205,81.218,82.0531,81.6569
2010-04-12,81.6102,81.1114,81.9374,81.5431
2010-04-13,81.4965,80.9947,81.8165,81.426
2010-04-14,81.38,80.8701,81.6935,81.3063
2010-04-15,81.2665,80.7391,81.5705,81.182
2010-04-16,81.1487,80.5689,81.4423,81.0423
2010-04-19,81.0051,80.3765,81.2981,80.8936
2010-04-20,80.8525,80.1804,81.1551,80.745
2010-04-21,80.6993,79.9777,81.0186,80.5998
2010-04-22,80.5501,79.779,80.8887,80.4672
2010-04-23,80.4123,79.5833,80.7661,80.3365
2010-04-26,80.2748,79.3936,80.6463,80.2056
2010-04-27,80.1282,79.183,80.5177,80.048
2010-04-28,79.9613,78.9585,80.3701,79.8684
2010-04-29,79.7754,78.7248,80.2053,79.6772
2010-04-30,79.5755,78.5138,80.0306,79.4813
2010-05-03,79.3874,78.3518,79.8628,79.3025
2010-05-04,79.2167,78.1934,79.6976,79.1082
2010-05-05,79.0164,78.0222,79.5114,78.9023
2010-05-06,78.8048,77.8105,79.3164,78.669
2010-05-07,78.565,77.5675,79.1,78.4035
2010-05-10,78.3192,77.3175,78.8845,78.1429
2010-05-11,78.0817,77.0808,78.683,77.9019
2010-05-12,77.8677,76.8755,78.5078,77.7026
2010-05-13,77.6877,76.6965,78.3629,77.5297
2010-05-14,77.5288,76.5217,78.2308,77.3678
2010-05-17,77.3727,76.3114,78.0958,77.2022
2010-05-18,77.2055,76.0926,77.9634,77.0356
2010-05-19,77.0481,75.8901,77.8435,76.8921
2010-05-20,76.9124,75.718,77.729,76.7473
2010-05-21,76.7651,75.5743,77.6054,76.6269
2010-05-24,76.6137,75.4241,77.4587,76.4801
2010-05-25,76.4113,75.2188,77.2525,76.2799
2010-05-26,76.1605,74.9468,76.9807,76.0015
2010-05-27,75.8415,74.6167,76.6585,75.68
2010-05-28,75.4778,74.2476,76.2961,75.3143
2010-06-01,75.0663,73.8478,75.9033,74.9005
2010-06-02,74.6165,73.424,75.4837,74.4769
2010-06-03,74.1579,72.9827,75.0373,74.0319
2010-06-04,73.6745,72.5304,74.5665,73.5758
2010-06-07,73.2015,72.0694,74.099,73.1137
2010-06-08,72.7377,71.6233,73.6582,72.6813
2010-06-09,72.3443,71.2573,73.2944,72.3264
2010-06-10,72.0269,70.9869,73.0274,72.0684
2010-06-11,71.7888,70.8003,72.8365,71.8898
2010-06-14,71.635,70.7056,72.7158,71.7866
2010-06-15,71.5724,70.6984,72.6846,71.7986
2010-06-16,71.6221,70.7946,72.7425,71.9135
2010-06-17,71.7734,70.994,72.9066,72.1202
2010-06-18,72.0264,71.3055,73.1833,72.4472
2010-06-21,72.4003,71.7245,73.5765,72.882
2010-06-22,72.8668,72.2317,74.0583,73.4065
2010-06-23,73.4124,72.8075,74.5945,73.9806
2010-06-24,73.9905,73.4088,75.1565,74.5883
2010-06-25,74.6133,74.0453,75.7591,75.2296
2010-06-28,75.2714,74.7194,76.4005,75.9168
2010-06-29,75.9522,75.3999,77.0517,76.5895
2010-06-30,76.6117,76.0626,77.6835,77.2185
2010-07-01,77.2303,76.6713,78.2712,77.7959
2010-07-02,77.7968,77.2004,78.7938,78.2862
2010-07-06,78.263,77.6221,79.223,78.6675
2010-07-07,78.6238,77.9411,79.5631,78.9636
2010-07-08,78.9012,78.1821,79.8356,79.1995
2010-07-09,79.1224,78.3725,80.0516,79.3769
2010-07-12,79.2859,78.5058,80.1981,79.4889
2010-07-13,79.3835,78.5683,80.2691,79.5223
2010-07-14,79.4195,78.5689,80.2756,79.494
2010-07-15,79.4075,78.5181,80.2377,79.4406
2010-07-16,79.3664,78.4325,80.1682,79.3519
2010-07-19,79.2933,78.3415,80.0805,79.2676
2010-07-20,79.2129,78.2694,79.9939,79.2139
2010-07-21,79.1622,78.2106,79.9096,79.1506
2010-07-22,79.1083,78.1562,79.8151,79.0742
2010-07-23,79.0433,78.0836,79.7119,78.9858
2010-07-26,78.9671,77.9995,79.6045,78.8825
2010-07-27,78.8812,77.9135,79.5047,78.7891
2010-07-28,78.7945,77.8302,79.4045,78.6923
2010-07-29,78.7019,77.7403,79.3071,78.5865
2010-07-30,78.5939,77.6613,79.2078,78.4897
2010-08-02,78.5011,77.61,79.1301,78.4323
2010-08-03,78.4548,77.5905,79.0815,78.3886
2010-08-04,78.4328,77.6075,79.056,78.3765
2010-08-05,78.4286,77.6572,79.0642,78.4167
2010-08-06,78.4618,77.7293,79.1021,78.4826
2010-08-09,78.5236,77.8253,79.1617,78.576
2010-08-10,78.6026,77.9318,79.238,78.6873
2010-08-11,78.6948,78.0444,79.328,78.8079
2010-08-12,78.7882,78.165,79.4169,78.9332
2010-08-13,78.8875,78.2917,79.5087,79.0615
2010-08-16,78.9843,78.3929,79.5847,79.1525
2010-08-17,79.0467,78.4515,79.6242,79.1988
2010-08-18,79.0571,78.4588,79.6368,79.2128
2010-08-19,79.0389,78.4105,79.6097,79.1594
2010-08-20,78.9656,78.3205,79.5372,79.0585
2010-08-23,78.8475,78.1975,79.4223,78.91
2010-08-24,78.6781,78.0352,79.2674,78.7149
2010-08-25,78.4746,77.8495,79.0814,78.5024
2010-08-26,78.2667,77.6594,78.8905,78.2868
2010-08-27,78.0716,77.4741,78.7225,78.0987
2010-08-30,77.8955,77.3105,78.5784,77.9325
2010-08-31,77.7433,77.1741,78.4667,77.8055
2010-09-01,77.6271,77.0752,78.3859,77.7188
2010-09-02,77.552,77.0237,78.3422,77.6832
2010-09-03,77.5332,77.0279,78.3505,77.7127
2010-09-07,77.5721,77.0817,78.4138,77.7995
2010-09-08,77.6809,77.2028,78.5416,77.9644
2010-09-09,77.8743,77.4038,78.7451,78.2079
2010-09-10,78.138,77.6762,79.0165,78.5155
2010-09-13,78.4564,78.0095,79.3321,78.8705
2010-09-14,78.8211,78.3893,79.6783,79.2542
2010-09-15,79.2172,78.7965,80.0495,79.6709
2010-09-16,79.6476,79.2353,80.4365,80.1002
2010-09-17,80.0916,79.6826,80.8351,80.5241
2010-09-20,80.5287,80.1256,81.2277,80.9321
2010-09-21,80.9484,80.5552,81.6095,81.3257
2010-09-22,81.3592,80.9645,81.9755,81.6936
2010-09-23,81.7276,81.3243,82.306,82.0054
2010-09-24,82.0432,81.6287,82.616,82.2725
2010-09-27,82.3184,81.8786,82.8805,82.4775
2010-09-28,82.5342,82.0662,83.1015,82.6414
2010-09-29,82.7013,82.2067,83.2789,82.7489
2010-09-30,82.816,82.2993,83.4175,82.8059
2010-10-01,82.8883,82.3525,83.5266,82.8389
2010-10-04,82.9285,82.3707,83.6027,82.8453
2010-10-05,82.9473,82.3576,83.6593,82.8375
2010-10-06,82.9431,82.3295,83.6954,82.8189
2010-10-07,82.9365,82.3045,83.7256,82.8113
2010-10-08,82.9411,82.2912,83.7307,82.8119
2010-10-11,82.9415,82.2765,83.7021,82.8078
2010-10-12,82.9343,82.2629,83.6685,82.8101
2010-10-13,82.9386,82.2657,83.6416,82.8233
2010-10-14,82.9546,82.276,83.6228,82.8544
2010-10-15,82.9834,82.2959,83.6089,82.8993
2010-10-18,83.0245,82.3342,83.6115,82.9569
2010-10-19,83.0724,82.387,83.6192,83.0175
2010-10-20,83.122,82.4444,83.625,83.0695
2010-10-21,83.1618,82.4968,83.6269,83.1097
2010-10-22,83.1825,82.5343,83.619,83.1341
2010-10-25,83.1954,82.5724,83.6396,83.1634
2010-10-26,83.2165,82.6029,83.6633,83.1821
2010-10-27,83.2228,82.6037,83.6677,83.1705
2010-10-28,83.1966,82.567,83.6368,83.1158
2010-10-29,83.1247,82.4855,83.5627,83.0181
2010-11-01,83.014,82.366,83.4572,82.8816
2010-11-02,82.8724,82.2135,83.3155,82.7149
2010-11-03,82.7118,82.0403,83.1608,82.5429
2010-11-04,82.5515,81.8649,83.0053,82.3761
2010-11-05,82.3965,81.6892,82.8565,82.2142
2010-11-08,82.2402,81.5013,82.7009,82.0415
2010-11-09,82.073,81.3011,82.5326,81.8528
2010-11-10,81.8932,81.1151,82.3706,81.6865
2010-11-11,81.7322,80.9646,82.2327,81.5579
2010-11-12,81.6041,80.8556,82.1324,81.4675
2010-11-15,81.5195,80.7897,82.0661,81.4143
2010-11-16,81.4641,80.7529,82.0215,81.3892
2010-11-17,81.4262,80.7278,81.9918,81.3659
2010-11-18,81.3865,80.7059,81.9587,81.3385
2010-11-19,81.3338,80.6717,81.904,81.2848
2010-11-22,81.2583,80.6187,81.8212,81.2065
2010-11-23,81.1617,80.564,81.7222,81.1215
2010-11-24,81.0658,80.5042,81.613,81.034
2010-11-26,80.9621,80.4261,81.4839,80.9215
2010-11-29,80.839,80.3283,81.3405,80.793
2010-11-30,80.6947,80.2081,81.1864,80.6535
2010-12-01,80.5499,80.0887,81.0498,80.5185
2010-12-02,80.4148,79.9836,80.926,80.4052
2010-12-03,80.2912,79.8866,80.8146,80.3081
2010-12-06,80.1872,79.8039,80.7258,80.2265
2010-12-07,80.1091,79.7416,80.6676,80.1706
2010-12-08,80.0603,79.7036,80.64,80.149
2010-12-09,80.0429,79.6838,80.6388,80.1451
2010-12-10,80.0412,79.679,80.662,80.1644
2010-12-13,80.0714,79.7,80.71,80.2036
2010-12-14,80.1305,79.741,80.7685,80.2547
2010-12-15,80.1955,79.7843,80.8147,80.3002
2010-12-16,80.2425,79.8081,80.8327,80.3246
2010-12-17,80.2725,79.8126,80.8306,80.3233
2010-12-20,80.2898,79.8074,80.8144,80.3142
2010-12-21,80.2949,79.8011,80.7896,80.3143
2010-12-22,80.2992,79.7967,80.7613,80.3119
2010-12-23,80.2959,79.7864,80.7213,80.2906
2010-12-27,80.2805,79.7698,80.6727,80.2629
2010-12-28,80.2506,79.7466,80.6104,80.2236
2010-12-29,80.2025,79.7098,80.5335,80.1736
2010-12-30,80.1435,79.6635,80.4549,80.1172
2010-12-31,80.0885,79.6241,80.3938,80.0731
2011-01-03,80.0525,79.6071,80.3535,80.0472
2011-01-04,80.0296,79.6019,80.3265,80.0354
2011-01-05,80.0165,79.6069,80.315,80.0347
2011-01-06,80.0185,79.6189,80.3108,80.0305
2011-01-07,80.0193,79.6266,80.3102,80.0289
2011-01-10,80.0224,79.632,80.3135,80.0284
2011-01-11,80.0274,79.6337,80.3198,80.0272
2011-01-12,80.037,79.6377,80.3384,80.0369
2011-01-13,80.0565,79.6523,80.37,80.0622
2011-01-14,80.0875,79.6811,80.4169,80.1028
2011-01-18,80.1308,79.7215,80.4736,80.1542
2011-01-19,80.1806,79.7609,80.5362,80.2082
2011-01-20,80.2345,79.8028,80.5996,80.2551
2011-01-21,80.2881,79.8415,80.6619,80.2989
2011-01-24,80.3436,79.8912,80.7465,80.3697
2011-01-25,80.4248,79.97,80.8556,80.4744
2011-01-26,80.5417,80.0865,80.9982,80.617
2011-01-27,80.6884,80.2356,81.1653,80.7858
2011-01-28,80.8578,80.3959,81.3485,80.9542
2011-01-31,81.0329,80.5556,81.53,81.1111
2011-02-01,81.2005,80.7079,81.71,81.2679
2011-02-02,81.3698,80.8658,81.8973,81.4258
2011-02-03,81.5391,81.0322,82.0899,81.5977
2011-02-04,81.7165,81.2127,82.2966,81.796
2011-02-07,81.9091,81.4127,82.5081,82.0041
2011-02-08,82.1056,81.6105,82.7076,82.1924
2011-02-09,82.2771,81.7846,82.8835,82.3554
2011-02-10,82.4246,81.932,83.0393,82.4979
2011-02-11,82.556,82.0726,83.1869,82.6501
2011-02-14,82.692,82.2327,83.3412,82.8273
2011-02-15,82.8446,82.4066,83.5077,83.0184
2011-02-16,83.0121,82.5955,83.675,83.2184
2011-02-17,83.1912,82.7889,83.8409,83.4218
2011-02-18,83.3765,82.987,84.0065,83.6215
2011-02-22,83.5543,83.1621,84.1591,83.7881
2011-02-23,83.708,83.3045,84.2955,83.9313
2011-02-24,83.8415,83.4248,84.4168,84.0604
2011-02-25,83.9691,83.5413,84.5387,84.1858
2011-02-28,84.1074,83.668,84.6738,84.3199
2011-03-01,84.2598,83.7774,84.8135,84.4231
2011-03-02,84.3832,83.8575,84.9266,84.4944
2011-03-03,84.4837,83.9235,85.0358,84.5666
2011-03-04,84.5797,83.9733,85.1439,84.6213
2011-03-07,84.6596,84.0039,85.2445,84.6585
2011-03-08,84.7309,84.0346,85.3432,84.7075
2011-03-09,84.8187,84.0981,85.4609,84.7936
2011-03-10,84.9354,84.199,85.6033,84.9074
2011-03-11,85.0665,84.3133,85.7507,85.0298
2011-03-14,85.1825,84.4115,85.8655,85.1205
2011-03-15,85.2301,84.4612,85.9165,85.1649
2011-03-16,85.2317,84.4745,85.9203,85.1727
2011-03-17,85.2025,84.4512,85.8865,85.1441
2011-03-18,85.1442,84.4005,85.8174,85.0813
2011-03-21,85.0551,84.3348,85.7263,85.0145
2011-03-22,84.9586,84.2633,85.6166,84.9353
2011-03-23,84.8402,84.157,85.4807,84.8155
2011-03-24,84.6946,84.0182,85.3188,84.6687
2011-03-25,84.5379,83.864,85.141,84.5066
2011-03-28,84.3802,83.7094,84.9655,84.3421
2011-03-29,84.2568,83.5896,84.8288,84.2254
2011-03-30,84.2026,83.536,84.7571,84.1745
2011-03-31,84.1865,83.5325,84.7259,84.1687
2011-04-01,84.2048,83.5677,84.7276,84.2009
2011-04-04,84.2458,83.6118,84.7395,84.2326
2011-04-05,84.2815,83.6395,84.7379,84.2365
2011-04-06,84.2945,83.6502,84.7195,84.2277
2011-04-07,84.2894,83.6459,84.6827,84.2013
2011-04-08,84.2569,83.6145,84.618,84.1419
2011-04-11,84.1845,83.5526,84.5273,84.0639
2011-04-12,84.0861,83.4654,84.4092,83.9569
2011-04-13,83.9427,83.3232,84.2455,83.7873
2011-04-14,83.7479,83.119,84.0251,83.5504
2011-04-15,83.5105,82.8755,83.7685,83.2799
2011-04-18,83.2362,82.603,83.4825,82.9822
2011-04-19,82.938,82.3238,83.1873,82.6893
2011-04-20,82.6525,82.0677,82.911,82.4206
2011-04-21,82.3928,81.8335,82.6619,82.1809
2011-04-25,82.1632,81.6316,82.4444,81.9758
2011-04-26,81.9678,81.4642,82.2637,81.808
2011-04-27,81.8115,81.3273,82.1175,81.6713
2011-04-28,81.6869,81.2277,82.0062,81.5849
2011-04-29,81.6131,81.1883,81.952,81.5645
2011-05-02,81.5815,81.1833,81.9375,81.5798
2011-05-03,81.5906,81.2161,81.9633,81.6388
2011-05-04,81.6541,81.2863,82.0365,81.7331
2011-05-05,81.7411,81.3586,82.1253,81.8226
2011-05-06,81.8231,81.4215,82.2101,81.8951
2011-05-09,81.8835,81.4663,82.2836,81.9486
2011-05-10,81.9295,81.4921,82.3373,81.9815
2011-05-11,81.9529,81.4912,82.3663,81.9822
2011-05-12,81.9393,81.4567,82.3677,81.9475
2011-05-13,81.8927,81.3735,82.3329,81.8569
2011-05-16,81.7962,81.2441,82.2536,81.7208
2011-05-17,81.666,81.0818,82.1395,81.5445
2011-05-18,81.4922,80.8832,81.9832,81.3321
2011-05-19,81.2861,80.6677,81.7981,81.1064
2011-05-20,81.0684,80.4534,81.6003,80.8858
2011-05-23,80.8459,80.2305,81.3823,80.659
2011-05-24,80.616,79.9966,81.1455,80.4148
2011-05-25,80.3684,79.7542,80.902,80.1684
2011-05-26,80.1216,79.5129,80.6543,79.9265
2011-05-27,79.8812,79.2805,80.4034,79.6933
2011-05-31,79.6538,79.0726,80.1655,79.4895
2011-06-01,79.4483,78.8725,79.9426,79.2912
2011-06-02,79.2475,78.681,79.7301,79.1013
2011-06-03,79.0466,78.4855,79.5158,78.9016
2011-06-06,78.8282,78.2644,79.2831,78.6747
2011-06-07,78.6001,78.0314,79.0458,78.4338
2011-06-08,78.3601,77.7909,78.8081,78.1884
2011-06-09,78.1187,77.5515,78.5704,77.9466
2011-06-10,77.8791,77.3023,78.3213,77.6839
2011-06-13,77.6174,77.0377,78.0571,77.4088
2011-06-14,77.3432,76.7573,77.7864,77.1124
2011-06-15,77.0427,76.4499,77.4889,76.7901
2011-06-16,76.7146,76.1267,77.171,76.4651
2011-06-17,76.3965,75.8121,76.8591,76.1557
2011-06-20,76.1047,75.5249,76.5775,75.8808
2011-06-21,75.8502,75.2808,76.3353,75.6515
2011-06-22,75.6333,75.0773,76.1279,75.4645
2011-06-23,75.4539,74.9052,75.9522,75.3135
2011-06-24,75.3091,74.7678,75.8131,75.2052
2011-06-27,75.2085,74.6797,75.726,75.1477
2011-06-28,75.1584,74.6382,75.6813,75.1363
2011-06-29,75.1575,74.6574,75.6871,75.1899
2011-06-30,75.2258,74.7368,75.7518,75.2947
2011-07-01,75.3404,74.8603,75.863,75.4425
2011-07-05,75.4843,75.0064,75.9977,75.6081
2011-07-06,75.6392,75.1507,76.1336,75.767
2011-07-07,75.7942,75.2914,76.2748,75.9275
2011-07-08,75.949,75.434,76.4144,76.0847
2011-07-11,76.1001,75.5786,76.5561,76.2334
2011-07-12,76.2392,75.7116,76.6929,76.3692
2011-07-13,76.3643,75.8322,76.8177,76.4919
2011-07-14,76.4777,75.9385,76.9335,76.5943
2011-07-15,76.5665,76.0025,77.0186,76.6491
2011-07-18,76.6032,76.0226,77.0565,76.6552
2011-07-19,76.6019,76.0124,77.0581,76.6285
2011-07-20,76.5714,75.9848,77.039,76.5875
2011-07-21,76.5264,75.9523,77.0125,76.5422
2011-07-22,76.4779,75.9136,76.9769,76.4819
2011-07-25,76.4135,75.864,76.9299,76.4157
2011-07-26,76.3515,75.815,76.871,76.3503
2011-07-27,76.2854,75.7561,76.794,76.2686
2011-07-28,76.2023,75.6824,76.7009,76.1765
2011-07-29,76.1002,75.6047,76.5983,76.0821
2011-08-01,76.0117,75.5371,76.5086,76.0045
2011-08-02,75.9345,75.471,76.4306,75.9274
2011-08-03,75.854,75.3944,76.3465,75.8402
2011-08-04,75.7536,75.2708,76.2316,75.6987
2011-08-05,75.6098,75.0924,76.078,75.5085
2011-08-08,75.4092,74.8283,75.8737,75.2326
2011-08-09,75.1431,74.4821,75.6426,74.9275
2011-08-10,74.8382,74.0661,75.3831,74.5605
2011-08-11,74.4855,73.6056,75.1167,74.1799
2011-08-12,74.1333,73.1297,74.8455,73.7866
2011-08-15,73.7692,72.6367,74.5594,73.3825
2011-08-16,73.3784,72.1246,74.2475,72.9655
2011-08-17,72.9876,71.6195,73.9418,72.5602
2011-08-18,72.5969,71.119,73.6315,72.1613
2011-08-19,72.2065,70.6515,73.3379,71.7935
2011-08-22,71.8596,70.2545,73.0741,71.489
2011-08-23,71.5594,69.9457,72.8259,71.2383
2011-08-24,71.3056,69.7275,72.5989,71.0396
2011-08-25,71.1106,69.5788,72.3961,70.8805
2011-08-26,70.9383,69.4593,72.1921,70.7343
2011-08-29,70.7702,69.3607,72.0058,70.6127
2011-08-30,70.6344,69.2963,71.8546,70.5173
2011-08-31,70.522,69.2576,71.729,70.4419
2011-09-01,70.4427,69.2556,71.6352,70.3978
2011-09-02,70.4005,69.2855,71.5694,70.3762
2011-09-06,70.3697,69.3313,71.5146,70.3863
2011-09-07,70.3627,69.3794,71.4832,70.396
2011-09-08,70.3705,69.4262,71.4799,70.4239
2011-09-09,70.3755,69.4488,71.4572,70.4121
2011-09-12,70.3399,69.4593,71.432,70.4198
2011-09-13,70.3219,69.4741,71.3995,70.4087
2011-09-14,70.2895,69.4604,71.3372,70.3712
2011-09-15,70.2303,69.4135,71.2431,70.3095
2011-09-16,70.1508,69.3572,71.1339,70.2439
2011-09-19,70.0475,69.2745,70.996,70.1645
2011-09-20,69.9563,69.2015,70.8743,70.0878
2011-09-21,69.8825,69.1123,70.7545,69.9744
2011-09-22,69.7598,68.973,70.5914,69.8198
2011-09-23,69.6035,68.8126,70.4085,69.6647
2011-09-26,69.4858,68.679,70.2805,69.5466
2011-09-27,69.4187,68.5855,70.2092,69.4633
2011-09-28,69.3958,68.5399,70.1911,69.4265
2011-09-29,69.4199,68.5436,70.2179,69.4326
2011-09-30,69.4721,68.5753,70.2743,69.4539
2011-10-03,69.5516,68.6205,70.3613,69.4772
2011-10-04,69.6213,68.6595,70.4783,69.5292
2011-10-05,69.699,68.7193,70.6087,69.6235
2011-10-06,69.8326,68.8583,70.8085,69.8189
2011-10-07,70.0677,69.0889,71.1049,70.0937
2011-10-10,70.3674,69.3725,71.441,70.3996
2011-10-11,70.6564,69.6505,71.7475,70.6918
2011-10-12,70.9249,69.9223,72.0364,70.9905
2011-10-13,71.1853,70.192,72.3192,71.2888
2011-10-14,71.4551,70.4726,72.6076,71.6038
2011-10-17,71.749,70.7722,72.91,71.9492
2011-10-18,72.0692,71.0998,73.2116,72.3082
2011-10-19,72.4125,71.4544,73.5089,72.6438
2011-10-20,72.7381,71.7879,73.7952,72.9452
2011-10-21,73.0304,72.0988,74.0542,73.2295
2011-10-24,73.2915,72.3891,74.2789,73.4937
2011-10-25,73.5424,72.6661,74.5098,73.7608
2011-10-26,73.8129,72.9546,74.7695,74.0458
2011-10-27,74.1159,73.269,75.0575,74.3536
2011-10-28,74.4453,73.6095,75.3751,74.6966
2011-10-31,74.7857,73.973,75.7193,75.0511
2011-11-01,75.1285,74.3358,76.0568,75.3839
2011-11-02,75.4528,74.6847,76.3952,75.7302
2011-11-03,75.7967,75.0354,76.7399,76.0953
2011-11-04,76.1449,75.3754,77.0705,76.4381
2011-11-07,76.4695,75.6718,77.3649,76.7274
2011-11-08,76.7616,75.946,77.6431,77.0102
2011-11-09,77.0263,76.1922,77.8849,77.248
2011-11-10,77.2366,76.3813,78.0612,77.4148
2011-11-11,77.3725,76.4942,78.1571,77.4959
2011-11-14,77.4453,76.5382,78.1807,77.5115
2011-11-15,77.4704,76.5335,78.1528,77.4855
2011-11-16,77.4566,76.4914,78.0964,77.4299
2011-11-17,77.3947,76.4026,77.9911,77.3025
2011-11-18,77.269,76.27,77.8352,77.1312
2011-11-21,77.0957,76.1095,77.6501,76.9365
2011-11-22,76.8913,75.9306,77.4388,76.7086
2011-11-23,76.6525,75.7171,77.1849,76.4346
2011-11-25,76.3793,75.4851,76.9166,76.1563
2011-11-28,76.1126,75.2675,76.6725,75.9053
2011-11-29,75.8661,75.0705,76.4454,75.6748
2011-11-30,75.6488,74.9032,76.266,75.4883
2011-12-01,75.4622,74.7629,76.1109,75.3265
2011-12-02,75.3204,74.6685,76.0015,75.219
2011-12-05,75.2403,74.6245,75.9515,75.1775
2011-12-06,75.2259,74.6316,75.9597,75.1877
2011-12-07,75.2756,74.6842,76.0236,75.2629
2011-12-08,75.3925,74.7955,76.1529,75.4107
2011-12-09,75.5805,74.9713,76.3515,75.6255
2011-12-12,75.8251,75.1854,76.589,75.8757
2011-12-13,76.0986,75.4189,76.8486,76.1461
2011-12-14,76.3664,75.6448,77.0911,76.3936
2011-12-15,76.6053,75.8388,77.2936,76.589
2011-12-16,76.792,75.982,77.4453,76.7348
2011-12-19,76.9151,76.0623,77.5355,76.8151
2011-12-20,76.9795,76.0951,77.5752,76.8518
2011-12-21,76.9944,76.0842,77.5568,76.831
2011-12-22,76.9611,76.0396,77.4957,76.7701
2011-12-23,76.886,75.9549,77.3957,76.6723
2011-12-27,76.7727,75.8406,77.2645,76.5403
2011-12-28,76.6431,75.7242,77.1263,76.4071
2011-12-29,76.5209,75.6206,76.9868,76.2798
2011-12-30,76.4159,75.5425,76.8775,76.1947
2012-01-03,76.3459,75.5122,76.8096,76.1593
2012-01-04,76.3261,75.5326,76.7911,76.1699
2012-01-05,76.3483,75.5955,76.8107,76.2251
2012-01-06,76.4029,75.6875,76.8587,76.3005
2012-01-09,76.4736,75.7937,76.9288,76.3931
2012-01-10,76.5595,75.9077,77.0061,76.4833
2012-01-11,76.6482,76.0252,77.0852,76.5793
2012-01-12,76.7413,76.1425,77.1647,76.6845
2012-01-13,76.8363,76.2547,77.2483,76.7917
2012-01-17,76.9332,76.3657,77.3397,76.9015
2012-01-18,77.0292,76.4682,77.4332,77.0099
2012-01-19,77.1211,76.5641,77.5216,77.1205
2012-01-20,77.2196,76.6655,77.6153,77.233
2012-01-23,77.3305,76.7807,77.7264,77.3631
2012-01-24,77.4552,76.9102,77.8487,77.5115
2012-01-25,77.5883,77.0498,77.9946,77.6875
2012-01-26,77.7456,77.2087,78.1617,77.8815
2012-01-27,77.9145,77.3798,78.34,78.0769
2012-01-30,78.0778,77.5488,78.5161,78.2626
2012-01-31,78.2381,77.7173,78.6894,78.4441
2012-02-01,78.3909,77.8807,78.8532,78.608
2012-02-02,78.5382,78.0382,79.0063,78.7528
2012-02-03,78.6718,78.177,79.142,78.8731
2012-02-06,78.7753,78.2899,79.2543,78.9726
2012-02-07,78.8616,78.3879,79.354,79.0598
2012-02-08,78.9445,78.4796,79.4348,79.1254
2012-02-09,79.0138,78.5593,79.4905,79.1646
2012-02-10,79.054,78.6162,79.5237,79.1831
2012-02-13,79.0932,78.6701,79.5531,79.2
2012-02-14,79.1294,78.7139,79.5751,79.2135
2012-02-15,79.1623,78.7455,79.5885,79.2181
2012-02-16,79.1793,78.7661,79.5946,79.2266
2012-02-17,79.1946,78.7843,79.6022,79.2377
2012-02-21,79.2101,78.8018,79.6081,79.246
2012-02-22,79.2275,78.8102,79.6083,79.2393
2012-02-23,79.2267,78.8023,79.593,79.2172
2012-02-24,79.2111,78.7858,79.5813,79.2045
2012-02-27,79.2035,78.772,79.5832,79.2092
2012-02-28,79.2123,78.7633,79.5972,79.2196
2012-02-29,79.2156,78.7478,79.6072,79.219
2012-03-01,79.2145,78.7375,79.613,79.2198
2012-03-02,79.2162,78.7352,79.6195,79.2204
2012-03-05,79.2185,78.7317,79.6235,79.217
2012-03-06,79.2164,78.7228,79.6234,79.2084
2012-03-07,79.206,78.7102,79.6169,79.2007
2012-03-08,79.1973,78.6984,79.6118,79.1972
2012-03-09,79.1931,78.6871,79.6056,79.1905
2012-03-12,79.189,78.6761,79.5891,79.1698
2012-03-13,79.1725,78.6675,79.5649,79.1478
2012-03-14,79.154,78.6751,79.5438,79.1464
2012-03-15,79.1503,78.6984,79.5416,79.1725
2012-03-16,79.1741,78.7418,79.5682,79.2174
2012-03-19,79.2165,78.8085,79.6179,79.2889
2012-03-20,79.2895,78.9056,79.6941,79.3898
2012-03-21,79.396,79.0344,79.8017,79.523
2012-03-22,79.5275,79.1874,79.9338,79.6759
2012-03-23,79.6749,79.3606,80.0874,79.8513
2012-03-26,79.85,79.562,80.2707,80.0578
2012-03-27,80.0503,79.7765,80.4763,80.2799
2012-03-28,80.2681,79.9918,80.6876,80.4997
2012-03-29,80.4823,80.193,80.8905,80.6991
2012-03-30,80.6826,80.3765,81.0741,80.8759
2012-04-02,80.8595,80.5345,81.2365,81.0307
2012-04-03,81.0147,80.6647,81.3799,81.1654
2012-04-04,81.1425,80.7705,81.5001,81.2715
2012-04-05,81.2438,80.8545,81.5982,81.3556
2012-04-09,81.3207,80.9086,81.6665,81.4064
2012-04-10,81.3584,80.9176,81.6925,81.4061
2012-04-11,81.3476,80.8788,81.6682,81.3557
2012-04-12,81.2852,80.8014,81.6137,81.2806
2012-04-13,81.1998,80.7002,81.5351,81.1728
2012-04-16,81.0885,80.5787,81.4368,81.0515
2012-04-17,80.9656,80.4475,81.3262,80.9195
2012-04-18,80.8279,80.3065,81.1972,80.768
2012-04-19,80.6767,80.1495,81.053,80.5995
2012-04-20,80.5156,79.9758,80.8932,80.4143
2012-04-23,80.3385,79.7886,80.7218,80.2205
2012-04-24,80.164,79.6135,80.5631,80.0513
2012-04-25,80.0125,79.4731,80.4317,79.9233
2012-04-26,79.8959,79.3678,80.3299,79.823
2012-04-27,79.8108,79.2955,80.2498,79.7542
2012-04-30,79.7475,79.2522,80.1919,79.7155
2012-05-01,79.7053,79.2301,80.1555,79.6965
2012-05-02,79.6821,79.2276,80.1377,79.7001
2012-05-03,79.6869,79.2562,80.1484,79.738
2012-05-04,79.7169,79.3185,80.1874,79.8105
2012-05-07,79.7867,79.4219,80.273,79.9347
2012-05-08,79.9026,79.5625,80.3922,80.0897
2012-05-09,80.039,79.7178,80.5285,80.2484
2012-05-10,80.1923,79.8828,80.677,80.4115
2012-05-11,80.3442,80.0467,80.8365,80.5809
2012-05-14,80.4958,80.2001,80.9936,80.7353
2012-05-15,80.6371,80.3409,81.1385,80.8712
2012-05-16,80.7703,80.4731,81.2775,80.9958
2012-05-17,80.8875,80.5853,81.4017,81.0952
2012-05-18,80.986,80.6595,81.503,81.1581
2012-05-21,81.0501,80.6976,81.5642,81.1782
2012-05-22,81.0675,80.6903,81.5793,81.1415
2012-05-23,81.0349,80.6334,81.5513,81.0675
2012-05-24,80.9674,80.5374,81.4838,80.962
2012-05-25,80.8649,80.4062,81.379,80.8225
2012-05-29,80.7435,80.2559,81.2486,80.6672
2012-05-30,80.6067,80.0891,81.1013,80.4985
2012-05-31,80.4548,79.9065,80.9478,80.3301
2012-06-01,80.2876,79.7138,80.7818,80.1588
2012-06-04,80.1141,79.53,80.6109,80.0014
2012-06-05,79.9447,79.3649,80.4437,79.8562
2012-06-06,79.7905,79.2175,80.3002,79.7446
2012-06-07,79.6715,79.1064,80.1843,79.6647
2012-06-08,79.5795,79.0311,80.1002,79.6143
2012-06-11,79.5261,78.9896,80.0532,79.5912
2012-06-12,79.4946,78.9735,80.0395,79.6025
2012-06-13,79.4915,78.9835,80.0519,79.6364
2012-06-14,79.5196,79.0301,80.0968,79.7042
2012-06-15,79.5998,79.1285,80.1819,79.8155
2012-06-18,79.7295,79.2733,80.3119,79.9627
2012-06-19,79.9022,79.4516,80.4865,80.1439
2012-06-20,80.1083,79.6556,80.6877,80.3475
2012-06-21,80.336,79.8686,80.9041,80.5465
2012-06-22,80.5564,80.0717,81.1145,80.7418
2012-06-25,80.7674,80.2662,81.3095,80.9247
2012-06-26,80.9625,80.4535,81.4934,81.0989
2012-06-27,81.1554,80.6445,81.6763,81.2726
2012-06-28,81.3348,80.8229,81.8473,81.436
2012-06-29,81.4979,80.9839,82.0056,81.5848
2012-07-02,81.6368,81.1187,82.1458,81.715
2012-07-03,81.7592,81.2296,82.2628,81.8242
2012-07-05,81.854,81.3202,82.352,81.9052
2012-07-06,81.9148,81.3936,82.4204,81.9823
2012-07-09,81.9705,81.4746,82.489,82.0684
2012-07-10,82.0402,81.5724,82.5728,82.1733
2012-07-11,82.1352,81.6933,82.6837,82.3015
2012-07-12,82.2453,81.8264,82.8049,82.4434
2012-07-13,82.3741,81.9715,82.9342,82.592
2012-07-16,82.514,82.1224,83.0709,82.7409
2012-07-17,82.6562,82.276,83.2145,82.8969
2012-07-18,82.798,82.4358,83.3608,83.0502
2012-07-19,82.9424,82.5966,83.5127,83.209
2012-07-20,83.0981,82.7594,83.6715,83.3726
2012-07-23,83.2593,82.9172,83.8349,83.5258
2012-07-24,83.4085,83.0627,83.9856,83.6711
2012-07-25,83.5446,83.1866,84.1148,83.7925
2012-07-26,83.6694,83.2964,84.2307,83.899
2012-07-27,83.7879,83.4014,84.3404,83.9979
2012-07-30,83.89,83.4955,84.4391,84.0887
2012-07-31,83.9878,83.589,84.5273,84.1705
2012-08-01,84.0805,83.6505,84.6013,84.2349
2012-08-02,84.1534,83.6894,84.6555,84.2835
2012-08-03,84.2172,83.7286,84.7093,84.3351
2012-08-06,84.2928,83.774,84.7661,84.3892
2012-08-07,84.3812,83.8288,84.8347,84.4503
2012-08-08,84.4719,83.8912,84.9055,84.511
2012-08-09,84.5547,83.9525,84.9744,84.571
2012-08-10,84.6204,83.9976,85.0278,84.6168
2012-08-13,84.6707,84.0287,85.0702,84.6539
2012-08-14,84.7139,84.0494,85.1047,84.6805
2012-08-15,84.7463,84.0855,85.1382,84.7112
2012-08-16,84.7842,84.1576,85.1814,84.7555
2012-08-17,84.8374,84.2432,85.2325,84.8074
2012-08-20,84.8811,84.3204,85.2686,84.8488
2012-08-21,84.9019,84.3815,85.2897,84.8811
2012-08-22,84.9148,84.4347,85.304,84.914
2012-08-23,84.9348,84.4859,85.3207,84.9469
2012-08-24,84.9599,84.5439,85.3448,84.9866
2012-08-27,84.9977,84.6125,85.3795,85.0341
2012-08-28,85.0393,84.6856,85.4195,85.0835
2012-08-29,85.0783,84.7525,85.4554,85.1306
2012-08-30,85.1123,84.7914,85.4818,85.1659
2012-08-31,85.1295,84.8073,85.4879,85.1769
2012-09-04,85.1302,84.8075,85.4805,85.1716
2012-09-05,85.1225,84.7998,85.4703,85.1606
2012-09-06,85.1125,84.7923,85.4635,85.1517
2012-09-07,85.1035,84.7899,85.4562,85.1469
2012-09-10,85.1006,84.7949,85.4575,85.1476
2012-09-11,85.1037,84.8057,85.4639,85.155
2012-09-12,85.1147,84.814,85.4781,85.175
2012-09-13,85.1434,84.8425,85.5242,85.2316
2012-09-14,85.2151,84.9132,85.6181,85.3324
2012-09-17,85.3305,85.0283,85.7595,85.4821
2012-09-18,85.4928,85.1924,85.9498,85.6854
2012-09-19,85.7017,85.4052,86.1875,85.9365
2012-09-20,85.9486,85.6469,86.4576,86.2138
2012-09-21,86.2221,85.911,86.7525,86.5105
2012-09-24,86.507,86.1831,87.0611,86.8122
2012-09-25,86.798,86.4559,87.377,87.1152
2012-09-26,87.0922,86.7435,87.7006,87.4205
2012-09-27,87.3904,87.0418,88.0113,87.7065
2012-09-28,87.6688,87.3119,88.2808,87.9516
2012-10-01,87.9089,87.5448,88.5134,88.1554
2012-10-02,88.1166,87.7401,88.7152,88.3231
2012-10-03,88.2934,87.8979,88.8832,88.4561
2012-10-04,88.4481,88.0334,89.0249,88.5643
2012-10-05,88.5836,88.1536,89.1465,88.6545
2012-10-08,88.7035,88.2615,89.2471,88.732
2012-10-09,88.8125,88.3595,89.3347,88.8013
2012-10-10,88.9091,88.4455,89.404,88.8618
2012-10-11,88.9997,88.5099,89.4631,88.9119
2012-10-12,89.078,88.5677,89.5315,88.9652
2012-10-15,89.1556,88.6313,89.6044,89.0271
2012-10-16,89.2369,88.7045,89.6761,89.0977
2012-10-17,89.3205,88.7883,89.7496,89.1755
2012-10-18,89.4046,88.8783,89.823,89.2508
2012-10-19,89.4727,88.9386,89.8848,89.3062
2012-10-22,89.5245,88.9707,89.9278,89.3385
2012-10-23,89.5423,88.9674,89.9374,89.336
2012-10-24,89.5338,88.9385,89.9203,89.3069
2012-10-25,89.498,88.8898,89.8798,89.26
2012-10-26,89.4365,88.8179,89.8086,89.1945
2012-10-31,89.3544,88.7195,89.7066,89.1035
2012-11-01,89.2475,88.595,89.5858,88.988
2012-11-02,89.1206,88.4337,89.4393,88.83
2012-11-05,88.9535,88.2157,89.2506,88.6286
2012-11-06,88.7512,87.9741,89.0299,88.407
2012-11-07,88.528,87.7235,88.7902,88.1681
2012-11-08,88.2957,87.4729,88.5502,87.9227
2012-11-09,88.0565,87.2174,88.3179,87.6824
2012-11-12,87.8145,86.9611,88.0851,87.4412
2012-11-13,87.5705,86.7081,87.8675,87.207
2012-11-14,87.3371,86.4609,87.6658,86.9739
2012-11-15,87.1044,86.2186,87.4675,86.7443
2012-11-16,86.8723,85.984,87.2686,86.5258
2012-11-19,86.6524,85.7831,87.0863,86.3389
2012-11-20,86.4593,85.6212,86.9331,86.1816
2012-11-21,86.2965,85.4895,86.8135,86.0616
2012-11-23,86.1779,85.4105,86.7338,86.0051
2012-11-26,86.1144,85.3893,86.6886,85.9984
2012-11-27,86.105,85.4214,86.6908,86.0332
2012-11-28,86.1416,85.4924,86.725,86.1069
2012-11-29,86.2208,85.6018,86.7845,86.2159
2012-11-30,86.3325,85.7485,86.873,86.3635
2012-12-03,86.4836,85.9358,87.0025,86.5495
2012-12-04,86.6721,86.1507,87.1634,86.7495
2012-12-05,86.8709,86.3676,87.3372,86.9578
2012-12-06,87.0813,86.5941,87.5183,87.1699
2012-12-07,87.2876,86.8009,87.6875,87.352
2012-12-10,87.4631,86.9703,87.8294,87.4876
2012-12-11,87.5943,87.0938,87.9374,87.5876
2012-12-12,87.7006,87.196,88.031,87.6716
2012-12-13,87.7884,87.2887,88.1207,87.7472
2012-12-14,87.8681,87.3689,88.2029,87.8044
2012-12-17,87.9354,87.4401,88.2749,87.8565
2012-12-18,87.9955,87.5093,88.3458,87.9202
2012-12-19,88.0716,87.5943,88.4319,88.0017
2012-12-20,88.1645,87.696,88.5349,88.1048
2012-12-21,88.2726,87.8176,88.6622,88.2315
2012-12-24,88.4053,87.9671,88.8205,88.3935
2012-12-26,88.5707,88.1436,89.0089,88.5845
2012-12-27,88.7561,88.3376,89.205,88.782
2012-12-28,88.9345,88.5223,89.3784,88.9618
2012-12-31,89.0949,88.6847,89.5415,89.1333
2013-01-02,89.2561,88.8513,89.7203,89.3243
2013-01-03,89.4325,89.0291,89.9221,89.5245
2013-01-04,89.6205,89.2157,90.132,89.7307
2013-01-07,89.8139,89.4066,90.3447,89.9395
2013-01-08,90.0127,89.602,90.5584,90.1553
2013-01-09,90.2296,89.8065,90.782,90.3801
2013-01-10,90.4589,90.0295,91.0237,90.6291
2013-01-11,90.7145,90.2834,91.2905,90.907
2013-01-14,91.0106,90.5797,91.6178,91.2477
2013-01-15,91.3725,90.9409,92.0035,91.648
2013-01-16,91.7789,91.343,92.4075,92.0599
2013-01-17,92.1922,91.7472,92.793,92.4578
2013-01-18,92.5929,92.1351,93.1567,92.8381
2013-01-22,92.9754,92.5054,93.5086,93.2066
2013-01-23,93.3498,92.8701,93.8578,93.5744
2013-01-24,93.7172,93.2365,94.2124,93.9422
2013-01-25,94.0813,93.6005,94.5579,94.3032
2013-01-28,94.4349,93.9474,94.8862,94.64
2013-01-29,94.7636,94.2701,95.1865,94.9469
2013-01-30,95.0607,94.5569,95.4463,95.2057
2013-01-31,95.3095,94.7968,95.6713,95.4304
2013-02-01,95.5422,95.0262,95.9092,95.6629
2013-02-04,95.7743,95.2534,96.1585,95.8925
2013-02-05,96.0086,95.4887,96.413,96.1283
2013-02-06,96.2429,95.7244,96.6611,96.354
2013-02-07,96.4644,95.9415,96.8864,96.5536
2013-02-08,96.6588,96.1264,97.0746,96.7157
2013-02-11,96.8179,96.2832,97.2347,96.853
2013-02-12,96.9503,96.4173,97.3752,96.9696
2013-02-13,97.0612,96.5364,97.5054,97.0791
2013-02-14,97.1642,96.6542,97.6387,97.1955
2013-02-15,97.2743,96.7769,97.7626,97.3106
2013-02-19,97.3853,96.9085,97.8827,97.4423
2013-02-20,97.5118,97.0515,98.0123,97.5826
2013-02-21,97.645,97.197,98.1467,97.7261
2013-02-22,97.7905,97.3556,98.2991,97.8945
2013-02-25,97.9657,97.5255,98.4917,98.0769
2013-02-26,98.1596,97.7067,98.72,98.275
2013-02-27,98.3669,97.8996,98.9785,98.5049
2013-02-28,98.6102,98.1261,99.2687,98.7687
2013-03-01,98.8826,98.3657,99.5778,99.0485
2013-03-04,99.1613,98.6029,99.8868,99.3273
2013-03-05,99.4437,98.8455,100.2105,99.6049
2013-03-06,99.7255,99.0827,100.5249,99.869
2013-03-07,100.0,99.323,100.8355,100.1415
2013-03-08,100.2812,99.5675,101.1468,100.4148
2013-03-11,100.5563,99.8281,101.4476,100.7007
2013-03-12,100.8364,100.1083,101.735,101.0135
2013-03-13,101.1427,100.4174,102.0126,101.3341
2013-03-14,101.4569,100.7329,102.2779,101.6394
2013-03-15,101.7575,101.036,102.5196,101.9133
2013-03-18,102.0293,101.3283,102.7425,102.1629
2013-03-19,102.2817,101.5996,102.9388,102.3846
2013-03-20,102.5014,101.839,103.1043,102.5833
2013-03-21,102.6895,102.0416,103.2417,102.7413
2013-03-22,102.8309,102.2033,103.3398,102.8602
2013-03-25,102.9336,102.3252,103.4051,102.9419
2013-03-26,103.007,102.405,103.4476,102.9811
2013-03-27,103.0359,102.4466,103.4589,102.9768
2013-03-28,103.0196,102.4427,103.4502,102.9523
2013-04-01,102.9864,102.4215,103.4301,102.9173
2013-04-02,102.9497,102.3962,103.4201,102.903
2013-04-03,102.9377,102.383,103.4275,102.9096
2013-04-04,102.9493,102.4018,103.4689,102.9497
2013-04-05,102.9888,102.4434,103.5358,103.0179
2013-04-08,103.0635,102.5119,103.6355,103.1237
2013-04-09,103.1778,102.6169,103.7669,103.2639
2013-04-10,103.3208,102.7577,103.9294,103.4421
2013-04-11,103.5035,102.9262,104.1271,103.6454
2013-04-12,103.7138,103.1279,104.3505,103.8789
2013-04-15,103.9528,103.3453,104.5987,104.1201
2013-04-16,104.1994,103.5715,104.859,104.3735
2013-04-17,104.4372,103.7827,105.1057,104.6078
2013-04-18,104.6495,103.9538,105.3241,104.8004
2013-04-19,104.8353,104.1,105.525,104.9778
2013-04-22,105.012,104.2362,105.7133,105.1332
2013-04-23,105.1659,104.3619,105.8893,105.2783
2013-04-24,105.3114,104.4748,106.051,105.4025
2013-04-25,105.441,104.5727,106.1994,105.5105
2013-04-26,105.5513,104.6417,106.3234,105.5867
2013-04-29,105.6358,104.6999,106.4237,105.6561
2013-04-30,105.708,104.7525,106.4899,105.7083
2013-05-01,105.764,104.8079,106.5416,105.7507
2013-05-02,105.8253,104.8934,106.6019,105.8238
2013-05-03,105.9269,105.0407,106.6992,105.9468
2013-05-06,106.082,105.2387,106.837,106.1048
2013-05-07,106.2743,105.4699,107.0054,106.2943
2013-05-08,106.4956,105.7243,107.1986,106.5076
2013-05-09,106.7386,105.9975,107.4162,106.7462
2013-05-10,107.0082,106.3045,107.6603,107.0209
2013-05-13,107.3105,106.655,107.9415,107.3417
2013-05-14,107.6594,107.0422,108.2779,107.7013
2013-05-15,108.0564,107.4812,108.675,108.1289
2013-05-16,108.5123,107.9505,109.1157,108.5865
2013-05-17,108.9884,108.4197,109.5728,109.0447
2013-05-20,109.4383,108.8706,110.0168,109.4997
2013-05-21,109.8623,109.3004,110.4364,109.9349
2013-05-22,110.2662,109.7075,110.8439,110.3491
2013-05-23,110.6371,110.0755,111.2187,110.7309
2013-05-24,110.9677,110.4016,111.554,111.0747
2013-05-28,111.2691,110.69,111.8545,111.3805
2013-05-29,111.5245,110.9294,112.1168,111.643
2013-05-30,111.7373,111.1232,112.3426,111.8665
2013-05-31,111.911,111.2847,112.5374,112.0526
2013-06-03,112.0555,111.4123,112.6999,112.2097
2013-06-04,112.1762,111.5106,112.8311,112.3308
2013-06-05,112.2779,111.5678,112.9397,112.4138
2013-06-06,112.3427,111.5982,113.02,112.4827
2013-06-07,112.4127,111.6535,113.1126,112.5799
2013-06-10,112.5323,111.7644,113.2486,112.7106
2013-06-11,112.6776,111.8987,113.4117,112.8615
2013-06-12,112.8413,112.0413,113.5815,113.0068
2013-06-13,113.0044,112.1779,113.7458,113.1502
2013-06-14,113.1613,112.3045,113.8925,113.2755
2013-06-17,113.2972,112.4145,114.0242,113.3856
2013-06-18,113.4172,112.5306,114.1552,113.5021
2013-06-19,113.5477,112.6689,114.3048,113.6359
2013-06-20,113.6967,112.8173,114.4628,113.7652
2013-06-21,113.8477,112.9445,114.6014,113.8565
2013-06-24,113.9329,112.9837,114.6689,113.8708
2013-06-25,113.9485,112.9569,114.6704,113.8328
2013-06-26,113.9343,112.9129,114.6465,113.7833
2013-06-27,113.9055,112.8637,114.6015,113.7164
2013-06-28,113.8603,112.8033,114.5351,113.6277
2013-07-01,113.7936,112.7303,114.4515,113.5212
2013-07-02,113.7074,112.6249,114.3404,113.3828
2013-07-03,113.5832,112.4816,114.1879,113.2175
2013-07-05,113.4399,112.3346,114.0226,113.0634
2013-07-08,113.3058,112.2225,113.8755,112.9485
2013-07-09,113.2184,112.1819,113.7864,112.9065
2013-07-10,113.1991,112.2226,113.7649,112.9304
2013-07-11,113.2308,112.3137,113.7979,113.0044
2013-07-12,113.3008,112.4411,113.8705,113.1162
2013-07-15,113.4066,112.6095,113.998,113.2942
2013-07-16,113.5782,112.8398,114.184,113.5304
2013-07-17,113.8155,113.1308,114.4297,113.8301
2013-07-18,114.1257,113.5037,114.7489,114.2078
2013-07-19,114.5128,113.9415,115.132,114.6324
2013-07-22,114.9319,114.3919,115.5364,115.0604
2013-07-23,115.3563,114.8377,115.9443,115.4864
2013-07-24,115.7705,115.2481,116.3429,115.8805
2013-07-25,116.1514,115.6257,116.7108,116.2498
2013-07-26,116.5026,115.9661,117.0449,116.5842
2013-07-29,116.8211,116.2657,117.3421,116.8739
2013-07-30,117.0919,116.5047,117.5908,117.1027
2013-07-31,117.3045,116.6877,117.79,117.2777
2013-08-01,117.4634,116.8101,117.9362,117.3946
2013-08-02,117.5571,116.8642,118.0181,117.4478
2013-08-05,117.6017,116.8676,118.0615,117.4587
2013-08-06,117.6055,116.8289,118.0679,117.4312
2013-08-07,117.57,116.7646,118.034,117.3848
2013-08-08,117.5222,116.695,117.9771,117.3293
2013-08-09,117.4827,116.6328,117.9229,117.2672
2013-08-12,117.4394,116.5803,117.8712,117.2095
2013-08-13,117.404,116.5436,117.8277,117.1726
2013-08-14,117.3798,116.5264,117.7948,117.1549
2013-08-15,117.36,116.5065,117.7615,117.1306
2013-08-16,117.3226,116.4753,117.7182,117.0945
2013-08-19,117.2612,116.422,117.6527,117.0325
2013-08-20,117.1637,116.3465,117.5605,116.9506
2013-08-21,117.0503,116.2524,117.4523,116.8458
2013-08-22,116.9154,116.1322,117.3329,116.7116
2013-08-23,116.745,115.98,117.1858,116.5501
2013-08-26,116.5489,115.7991,117.0135,116.3645
2013-08-27,116.3212,115.5696,116.7998,116.1202
2013-08-28,116.0359,115.2836,116.542,115.8226
2013-08-29,115.7071,114.9654,116.2481,115.4932
2013-08-30,115.3665,114.6321,115.9366,115.1497
2013-09-03,115.026,114.2962,115.6218,114.8095
2013-09-04,114.6992,113.9684,115.3138,114.4785
2013-09-05,114.3835,113.6537,115.0126,114.1582
2013-09-06,114.0755,113.3364,114.7079,113.8373
2013-09-09,113.7708,113.019,114.4042,113.5281
2013-09-10,113.4795,112.7145,114.1141,113.2387
2013-09-11,113.2086,112.4505,113.853,113.0041
2013-09-12,113.0036,112.2521,113.6425,112.8324
2013-09-13,112.8649,112.1135,113.4821,112.7145
2013-09-16,112.7829,112.0331,113.3776,112.655
2013-09-17,112.7475,112.0185,113.3294,112.6622
2013-09-18,112.7707,112.0625,113.3462,112.7315
2013-09-19,112.8627,112.1753,113.4359,112.8721
2013-09-20,113.0286,112.3588,113.5964,113.0831
2013-09-23,113.2552,112.6061,113.8225,113.3474
2013-09-24,113.5302,112.8957,114.0895,113.6395
2013-09-25,113.8276,113.2077,114.3825,113.9451
2013-09-26,114.1325,113.5171,114.6875,114.2477
2013-09-27,114.4275,113.8227,114.9951,114.5515
2013-09-30,114.7039,114.1062,115.2844,114.8292
2013-10-01,114.9482,114.3425,115.5363,115.0625
2013-10-02,115.1499,114.5293,115.737,115.245
2013-10-03,115.2908,114.6487,115.8619,115.3509
2013-10-04,115.3457,114.6926,115.9073,115.3745
2013-10-07,115.3152,114.6553,115.8722,115.318
2013-10-08,115.2134,114.551,115.7717,115.201
2013-10-09,115.0588,114.3917,115.6179,115.0367
2013-10-10,114.8705,114.2016,115.4353,114.8526
2013-10-11,114.6674,113.9913,115.2372,114.6554
2013-10-14,114.4574,113.78,115.0415,114.4688
2013-10-15,114.2723,113.5901,114.8678,114.2988
2013-10-16,114.1151,113.4319,114.7293,114.1609
2013-10-17,113.9983,113.3193,114.644,114.0761
2013-10-18,113.9461,113.2728,114.6213,114.0551
2013-10-21,113.9695,113.2953,114.6617,114.1085
2013-10-22,114.0694,113.3955,114.7741,114.2427
2013-10-23,114.2451,113.5782,114.9596,114.4526
2013-10-24,114.4858,113.8296,115.2014,114.7147
2013-10-25,114.7648,114.1199,115.4678,114.9965
2013-10-28,115.0678,114.4328,115.7407,115.2782
2013-10-29,115.3691,114.753,116.0102,115.5625
2013-10-30,115.6726,115.0749,116.275,115.8391
2013-10-31,115.9582,115.3714,116.5105,116.0784
2013-11-01,116.2002,115.6218,116.704,116.2699
2013-11-04,116.3946,115.8231,116.858,116.4138
2013-11-05,116.5284,115.9632,116.959,116.4926
2013-11-06,116.6008,116.0355,116.9975,116.5022
2013-11-07,116.6072,116.0326,116.971,116.4422
2013-11-08,116.5491,115.97,116.9121,116.3535
2013-11-11,116.4582,115.8735,116.8306,116.2421
2013-11-12,116.3328,115.732,116.7209,116.093
2013-11-13,116.1633,115.5467,116.5712,115.9047
2013-11-14,115.959,115.3462,116.4066,115.7251
2013-11-15,115.7583,115.1574,116.2522,115.5715
2013-11-18,115.5845,114.9961,116.1175,115.4426
2013-11-19,115.4345,114.8629,116.0036,115.3456
2013-11-20,115.3203,114.7537,115.92,115.277
2013-11-21,115.2298,114.6684,115.8676,115.2455
2013-11-22,115.1835,114.6352,115.8449,115.2513
2013-11-25,115.1822,114.6305,115.8445,115.2673
2013-11-26,115.2006,114.6547,115.8677,115.3165
2013-11-27,115.2595,114.724,115.9276,115.411
2013-11-29,115.3698,114.829,116.0247,115.527
2013-12-02,115.504,114.9359,116.1306,115.6287
2013-12-03,115.6197,115.0251,116.22,115.711
2013-12-04,115.7143,115.0902,116.2968,115.779
2013-12-05,115.7875,115.1477,116.3602,115.8341
2013-12-06,115.8555,115.2154,116.4179,115.8915
2013-12-09,115.925,115.2778,116.4673,115.9269
2013-12-10,115.9656,115.3157,116.5026,115.9524
2013-12-11,115.9892,115.3391,116.5169,115.9592
2013-12-12,115.9891,115.329,116.5015,115.9245
2013-12-13,115.9418,115.2798,116.4496,115.8512
2013-12-16,115.8585,115.205,116.3691,115.7578
2013-12-17,115.7605,115.1272,116.2787,115.6627
2013-12-18,115.6767,115.0598,116.2087,115.5854
2013-12-19,115.6145,115.0129,116.1541,115.5256
2013-12-20,115.5631,114.9615,116.1027,115.4557
2013-12-23,115.5014,114.8956,116.047,115.3827
2013-12-24,115.4385,114.8393,115.9926,115.3246
2013-12-26,115.3937,114.8059,115.9594,115.2984
2013-12-27,115.3825,114.8195,115.9642,115.3238
2013-12-30,115.4265,114.8846,116.0183,115.4055
2013-12-31,115.5249,115.0065,116.1259,115.5514
2014-01-02,115.6805,115.1759,116.2899,115.7449
2014-01-03,115.8726,115.3847,116.4772,115.962
2014-01-06,116.09,115.6035,116.6726,116.1707
2014-01-07,116.3032,115.8185,116.8608,116.3721
2014-01-08,116.5103,116.026,117.0417,116.5676
2014-01-09,116.7081,116.2206,117.2116,116.7449
2014-01-10,116.8909,116.3789,117.3611,116.8782
2014-01-13,117.0306,116.4762,117.464,116.9435
2014-01-14,117.1005,116.5023,117.5055,116.948
2014-01-15,117.1089,116.4659,117.4895,116.8916
2014-01-16,117.0623,116.3696,117.4154,116.7729
2014-01-17,116.9591,116.2151,117.28,116.5963
2014-01-21,116.7973,116.0071,117.1043,116.3964
2014-01-22,116.6032,115.7855,116.9046,116.1887
2014-01-23,116.395,115.5431,116.6891,115.959
2014-01-24,116.1658,115.2798,116.456,115.7128
2014-01-27,115.913,115.0045,116.2025,115.4543
2014-01-28,115.6445,114.7354,115.9435,115.205
2014-01-29,115.3776,114.4797,115.6845,114.9585
2014-01-30,115.118,114.2316,115.4353,114.7142
2014-01-31,114.8465,113.9749,115.178,114.4614
2014-02-03,114.5662,113.6867,114.9113,114.1738
2014-02-04,114.2507,113.371,114.6129,113.8543
2014-02-05,113.9025,113.0104,114.2792,113.4861
2014-02-06,113.5162,112.618,113.9132,113.096
2014-02-07,113.1183,112.2326,113.5563,112.7299
2014-02-10,112.7514,111.8825,113.2307,112.4058
2014-02-11,112.4297,111.5649,112.9492,112.1278
2014-02-12,112.1572,111.283,112.7105,111.8864
2014-02-13,111.9187,111.0345,112.5114,111.6938
2014-02-14,111.7355,110.8469,112.3595,111.5576
2014-02-18,111.6175,110.7464,112.2695,111.5067
2014-02-19,111.5782,110.7419,112.2588,111.5495
2014-02-20,111.6325,110.8269,112.3398,111.6864
2014-02-21,111.7821,111.0116,112.5145,111.9095
2014-02-24,112.0047,111.2591,112.7428,112.1685
2014-02-25,112.2544,111.5246,112.9862,112.4322
2014-02-26,112.507,111.7944,113.2265,112.6866
2014-02-27,112.7477,112.061,113.4607,112.9382
2014-02-28,112.9855,112.3242,113.6868,113.1812
2014-03-03,113.229,112.5825,113.9154,113.4188
2014-03-04,113.466,112.8341,114.1503,113.6609
2014-03-05,113.7085,113.0799,114.3954,113.9019
2014-03-06,113.956,113.3453,114.6649,114.1781
2014-03-07,114.2399,113.6493,114.9776,114.5013
2014-03-10,114.5722,114.0005,115.3505,114.8961
2014-03-11,114.9832,114.4319,115.81,115.3833
2014-03-12,115.4809,114.9528,116.3593,115.9626
2014-03-13,116.0816,115.5584,117.008,116.6233
2014-03-14,116.7675,116.2374,117.7282,117.3335
2014-03-17,117.5021,116.9743,118.5026,118.1002
2014-03-18,118.2786,117.7554,119.3067,118.8996
2014-03-19,119.0836,118.5461,120.1221,119.6973
2014-03-20,119.8862,119.3222,120.9271,120.4733
2014-03-21,120.6648,120.0638,121.6868,121.1986
2014-03-24,121.3937,120.7436,122.3796,121.8397
2014-03-25,122.0435,121.3392,122.9795,122.3797
2014-03-26,122.6003,121.8238,123.4793,122.8024
2014-03-27,123.0445,122.2038,123.8601,123.1195
2014-03-28,123.3773,122.4967,124.1387,123.3637
2014-03-31,123.6361,122.727,124.3514,123.5615
2014-04-01,123.8438,122.9013,124.5147,123.7074
2014-04-02,124.0067,123.0466,124.6442,123.8273
2014-04-03,124.1408,123.1721,124.7334,123.9129
2014-04-04,124.2401,123.2627,124.7896,123.9573
2014-04-07,124.2964,123.3175,124.8032,123.9677
2014-04-08,124.3088,123.3455,124.7902,123.964
2014-04-09,124.2999,123.3752,124.7679,123.9714
2014-04-10,124.2846,123.4095,124.7547,123.9875
2014-04-11,124.2794,123.437,124.7443,123.9882
2014-04-14,124.2555,123.4306,124.7133,123.9553
2014-04-15,124.2033,123.3934,124.6605,123.8976
2014-04-16,124.1319,123.34,124.6014,123.8394
2014-04-17,124.0618,123.2805,124.5582,123.7904
2014-04-21,124.002,123.2289,124.5349,123.7662
2014-04-22,123.9683,123.2006,124.5462,123.7905
2014-04-23,123.9876,123.2179,124.6115,123.8626
2014-04-24,124.0654,123.2785,124.7235,123.9737
2014-04-25,124.1869,123.3769,124.8702,124.1211
2014-04-28,124.3541,123.5215,125.061,124.3339
2014-04-29,124.583,123.7415,125.3218,124.6197
2014-04-30,124.8831,124.0445,125.65,124.9761
2014-05-01,125.2445,124.4036,126.0201,125.3704
2014-05-02,125.6414,124.7827,126.3987,125.759
2014-05-05,126.0205,125.1452,126.7453,126.1225
2014-05-06,126.3691,125.4768,127.0599,126.4399
2014-05-07,126.6766,125.7785,127.3409,126.7229
2014-05-08,126.9397,126.0405,127.5798,126.9664
2014-05-09,127.157,126.2647,127.7825,127.1838
2014-05-12,127.3449,126.4564,127.9585,127.3522
2014-05-13,127.4821,126.5984,128.0751,127.4605
2014-05-14,127.5611,126.672,128.1268,127.5005
2014-05-15,127.5729,126.6696,128.1145,127.4698
2014-05-16,127.5169,126.6122,128.0472,127.4001
2014-05-19,127.4255,126.5344,127.9616,127.3268
2014-05-20,127.3455,126.473,127.8869,127.2652
2014-05-21,127.2783,126.4289,127.8172,127.2189
2014-05-22,127.2275,126.3984,127.7483,127.1732
2014-05-23,127.1906,126.3745,127.6826,127.1251
2014-05-27,127.1543,126.3605,127.6144,127.0784
2014-05-28,127.1168,126.3417,127.5469,127.0315
2014-05-29,127.0775,126.326,127.4887,126.9953
2014-05-30,127.0492,126.3323,127.4511,126.9891
2014-06-02,127.0515,126.3736,127.4465,127.0167
2014-06-03,127.0863,126.4392,127.4718,127.0537
2014-06-04,127.1255,126.5144,127.503,127.0966
2014-06-05,127.1673,126.5827,127.5399,127.1409
2014-06-06,127.2104,126.657,127.5958,127.2075
2014-06-09,127.2661,126.7409,127.6666,127.2822
2014-06-10,127.3147,126.8236,127.7429,127.3684
2014-06-11,127.3715,126.9085,127.8285,127.4594
2014-06-12,127.44,126.9901,127.9175,127.5467
2014-06-13,127.5084,127.0561,127.9957,127.6125
2014-06-16,127.5522,127.0923,128.0424,127.6445
2014-06-17,127.5677,127.1037,128.0603,127.659
2014-06-18,127.5689,127.0984,128.0715,127.6748
2014-06-19,127.5694,127.0781,128.0708,127.6714
2014-06-20,127.5532,127.0354,128.0535,127.6365
2014-06-23,127.5117,126.967,128.0075,127.5745
2014-06-24,127.4488,126.876,127.9414,127.4884
2014-06-25,127.3753,126.7695,127.8599,127.3856
2014-06-26,127.2864,126.6497,127.7616,127.2744
2014-06-27,127.184,126.5417,127.6596,127.1777
2014-06-30,127.0958,126.4591,127.5738,127.1012
2014-07-01,127.0349,126.4012,127.5216,127.0514
2014-07-02,126.9956,126.3651,127.485,127.0148
2014-07-03,126.9692,126.3526,127.4673,126.9975
2014-07-07,126.9584,126.3604,127.465,127.0065
2014-07-08,126.9676,126.3995,127.4869,127.0471
2014-07-09,127.0103,126.4679,127.5374,127.1175
2014-07-10,127.0745,126.5577,127.6087,127.2134
2014-07-11,127.1575,126.677,127.7035,127.333
2014-07-14,127.2718,126.8228,127.8264,127.4694
2014-07-15,127.4044,126.9731,127.968,127.6162
2014-07-16,127.544,127.1284,128.1125,127.7672
2014-07-17,127.6852,127.2701,128.2489,127.8962
2014-07-18,127.8069,127.3907,128.3733,128.0108
2014-07-21,127.9143,127.495,128.4775,128.1057
2014-07-22,128.0129,127.5846,128.5713,128.1846
2014-07-23,128.0962,127.6549,128.6433,128.2438
2014-07-24,128.1635,127.7115,128.7013,128.2842
2014-07-25,128.2182,127.753,128.7418,128.3027
2014-07-28,128.2496,127.7589,128.7617,128.3018
2014-07-29,128.2575,127.7404,128.7607,128.2755
2014-07-30,128.2407,127.6975,128.7382,128.2284
2014-07-31,128.2001,127.6343,128.7023,128.1634
2014-08-01,128.1345,127.5371,128.6492,128.0871
2014-08-04,128.0792,127.4435,128.6163,128.0305
2014-08-05,128.0415,127.3469,128.5938,127.971
2014-08-06,127.9944,127.2449,128.5812,127.9186
2014-08-07,127.9614,127.1495,128.5821,127.8774
2014-08-08,127.9319,127.061,128.6086,127.8675
2014-08-11,127.9401,127.0165,128.6797,127.8999
2014-08-12,127.9976,127.0298,128.7995,127.9897
2014-08-13,128.112,127.1001,128.9695,128.1384
2014-08-14,128.2913,127.2505,129.2118,128.3801
2014-08-15,128.5748,127.505,129.5378,128.7091
2014-08-18,128.9431,127.8664,129.9269,129.1086
2014-08-19,129.366,128.2977,130.3598,129.5606
2014-08-20,129.8465,128.8001,130.8362,130.0693
2014-08-21,130.3798,129.3666,131.3666,130.6405
2014-08-22,130.9705,129.9921,131.9375,131.2503
2014-08-25,131.5998,130.6531,132.5191,131.8685
2014-08-26,132.2345,131.3155,133.0935,132.4833
2014-08-27,132.8626,131.971,133.6563,133.0775
2014-08-28,133.4655,132.6003,134.1838,133.6305
2014-08-29,134.0175,133.1851,134.6553,134.1202
2014-09-02,134.4947,133.6969,135.0717,134.5592
2014-09-03,134.9286,134.1653,135.4628,134.9756
2014-09-04,135.3336,134.5955,135.8298,135.3569
2014-09-05,135.6972,134.9836,136.1605,135.6969
2014-09-08,136.0263,135.3351,136.4489,135.9885
2014-09-09,136.3035,135.629,136.7012,136.2419
2014-09-10,136.5405,135.8857,136.9285,136.4698
2014-09-11,136.742,136.1109,137.135,136.6815
2014-09-12,136.9287,136.3118,137.3271,136.8707
2014-09-15,137.1018,136.4969,137.5169,137.0598
2014-09-16,137.2711,136.6608,137.7001,137.2291
2014-09-17,137.4229,136.8155,137.8731,137.3888
2014-09-18,137.5714,136.9658,138.0495,137.5531
2014-09-19,137.7332,137.116,138.2317,137.7124
2014-09-22,137.8943,137.2556,138.4167,137.8691
2014-09-23,138.047,137.3915,138.5925,138.02
2014-09-24,138.1961,137.5355,138.7725,138.1852
2014-09-25,138.3646,137.6692,138.9595,138.3295
2014-09-26,138.5197,137.796,139.142,138.4755
2014-09-29,138.6602,137.9198,139.3145,138.6152
2014-09-30,138.7909,138.0353,139.4768,138.7427
2014-10-01,138.9149,138.1228,139.6162,138.8365
2014-10-02,139.0,138.1694,139.7091,138.88
2014-10-03,139.0304,138.1753,139.7492,138.8836
2014-10-06,139.0175,138.1492,139.7495,138.8637
2014-10-07,138.9783,138.0942,139.7254,138.8162
2014-10-08,138.9129,138.0015,139.6906,138.7514
2014-10-09,138.8375,137.8965,139.6397,138.6663
2014-10-10,138.7364,137.7902,139.5752,138.5713
2014-10-13,138.6331,137.6703,139.4977,138.4441
2014-10-14,138.5161,137.5345,139.4165,138.3075
2014-10-15,138.3785,137.3603,139.3231,138.1669
2014-10-16,138.2155,137.1679,139.2234,138.0268
2014-10-17,138.0641,136.9801,139.1367,137.8979
2014-10-20,137.9178,136.7915,139.0484,137.7611
2014-10-21,137.769,136.6139,138.9637,137.6456
2014-10-22,137.6485,136.4639,138.8805,137.5281
2014-10-23,137.5365,136.3448,138.7891,137.4251
2014-10-24,137.4367,136.239,138.6953,137.3461
2014-10-27,137.3615,136.1595,138.6115,137.3132
2014-10-28,137.324,136.1187,138.5475,137.3259
2014-10-29,137.3358,136.1516,138.5176,137.385
2014-10-30,137.4218,136.2829,138.5411,137.497
2014-10-31,137.5844,136.4901,138.6222,137.6636
2014-11-03,137.8029,136.7498,138.7525,137.8847
2014-11-04,138.0775,137.0618,138.9396,138.1525
2014-11-05,138.3927,137.4066,139.1618,138.4478
2014-11-06,138.7212,137.7773,139.4263,138.8058
2014-11-07,139.106,138.1768,139.7383,139.1876
2014-11-10,139.5182,138.6057,140.0989,139.5956
2014-11-11,139.9565,139.0585,140.4927,140.0158
2014-11-12,140.4074,139.5362,140.9185,140.4584
2014-11-13,140.8796,140.0125,141.3666,140.9227
2014-11-14,141.3435,140.4802,141.8211,141.3918
2014-11-17,141.8055,140.9597,142.2839,141.8745
2014-11-18,142.2755,141.4508,142.7534,142.3575
2014-11-19,142.7425,141.9387,143.2168,142.8363
2014-11-20,143.1914,142.4135,143.6647,143.2892
2014-11-21,143.633,142.8838,144.1056,143.7283
2014-11-24,144.0569,143.3395,144.5273,144.1493
2014-11-25,144.4561,143.7747,144.9207,144.5461
2014-11-26,144.8346,144.1916,145.2899,144.9264
2014-11-28,145.1992,144.5821,145.6421,145.2782
2014-12-01,145.5271,144.9394,145.9678,145.5959
2014-12-02,145.8395,145.2808,146.2877,145.9058
2014-12-03,146.1498,145.6138,146.6015,146.2099
2014-12-04,146.4548,145.9449,146.9144,146.521
2014-12-05,146.7834,146.2931,147.2485,146.8524
2014-12-08,147.1299,146.6561,147.6144,147.2093
2014-12-09,147.4864,147.0088,147.9882,147.5671
2014-12-10,147.8401,147.3484,148.3702,147.9163
2014-12-11,148.1905,147.6783,148.758,148.2571
2014-12-12,148.5189,147.96,149.1262,148.5534
2014-12-15,148.8155,148.1847,149.4515,148.806
2014-12-16,149.0561,148.3478,149.7337,148.9896
2014-12-17,149.2226,148.4387,149.9598,149.1207
2014-12-18,149.36,148.4996,150.1723,149.24
2014-12-19,149.4778,148.529,150.3657,149.3273
2014-12-22,149.558,148.5164,150.5108,149.3691
2014-12-23,149.6097,148.4885,150.6146,149.375
2014-12-24,149.6408,148.4652,150.6925,149.3743
2014-12-26,149.6629,148.4446,150.7487,149.3731
2014-12-29,149.6853,148.4527,150.7995,149.4051
2014-12-30,149.7315,148.5382,150.8813,149.5116
2014-12-31,149.8455,148.7016,151.0126,149.6843
2015-01-02,150.0474,148.9254,151.1825,149.9052
2015-01-05,150.2677,149.1546,151.3354,150.0862
2015-01-06,150.4345,149.3326,151.4271,150.2005
2015-01-07,150.5469,149.4727,151.4698,150.2793
2015-01-08,150.6348,149.5982,151.504,150.355
2015-01-09,150.7089,149.6779,151.52,150.4002
2015-01-12,150.7487,149.7031,151.507,150.3951
2015-01-13,150.7618,149.6828,151.4746,150.3478
2015-01-14,150.7223,149.5763,151.3857,150.2109
2015-01-15,150.6186,149.3807,151.2246,149.9964
2015-01-16,150.4138,149.1207,151.0065,149.7379
2015-01-20,150.1702,148.8455,150.7758,149.4877
2015-01-21,149.9543,148.6054,150.5783,149.2922
2015-01-22,149.7816,148.4045,150.428,149.1511
2015-01-23,149.6402,148.2221,150.2963,149.017
2015-01-26,149.4908,148.0403,150.1588,148.8885
2015-01-27,149.333,147.8754,150.0162,148.773
2015-01-28,149.1762,147.7132,149.8716,148.6505
2015-01-29,149.0121,147.5608,149.7256,148.5451
2015-01-30,148.8582,147.4254,149.5935,148.4452
2015-02-02,148.7097,147.2907,149.4761,148.3461
2015-02-03,148.5774,147.1626,149.3607,148.2435
2015-02-04,148.4309,147.0274,149.2315,148.1294
2015-02-05,148.277,146.8922,149.1001,148.0077
2015-02-06,148.1207,146.7647,148.9738,147.8842
2015-02-09,147.9765,146.6553,148.8622,147.7759
2015-02-10,147.8675,146.5681,148.7839,147.6862
2015-02-11,147.7875,146.5212,148.7313,147.6467
2015-02-12,147.7638,146.548,148.7304,147.6741
2015-02-13,147.7937,146.632,148.7734,147.7556
2015-02-17,147.889,146.7866,148.8614,147.8927
2015-02-18,148.0215,146.9833,148.9781,148.0558
2015-02-19,148.1766,147.1909,149.1127,148.2215
2015-02-20,148.3268,147.3833,149.2362,148.3755
2015-02-23,148.4635,147.5464,149.3337,148.5082
2015-02-24,148.5801,147.6919,149.4109,148.6296
2015-02-25,148.6876,147.8285,149.4757,148.7459
2015-02-26,148.7706,147.9445,149.5132,148.8294
2015-02-27,148.824,148.003,149.518,148.8466
2015-03-02,148.8184,147.9957,149.4765,148.8206
2015-03-03,148.7618,147.9228,149.3821,148.7249
2015-03-04,148.6343,147.768,149.2309,148.5729
2015-03-05,148.4719,147.5803,149.0547,148.4045
2015-03-06,148.2997,147.3792,148.8686,148.2054
2015-03-09,148.1086,147.1745,148.6756,148.0035
2015-03-10,147.9132,146.9575,148.4759,147.7749
2015-03-11,147.6859,146.7065,148.2349,147.4994
2015-03-12,147.4228,146.4239,147.9746,147.2099
2015-03-13,147.1447,146.1152,147.7005,146.9014
2015-03-16,146.8575,145.8174,147.4281,146.6045
2015-03-17,146.5719,145.5286,147.157,146.3083
2015-03-18,146.2948,145.2669,146.9175,146.0514
2015-03-19,146.0524,145.0395,146.7085,145.8178
2015-03-20,145.8271,144.8306,146.5036,145.5995
2015-03-23,145.6119,144.6332,146.3078,145.4072
2015-03-24,145.4198,144.4596,146.1296,145.2362
2015-03-25,145.2575,144.326,145.9934,145.1186
2015-03-26,145.1341,144.2262,145.8855,145.0256
2015-03-27,145.0325,144.1584,145.7927,144.9562
2015-03-30,144.9536,144.1192,145.726,144.918
2015-03-31,144.9062,144.093,145.6794,144.8859
2015-04-01,144.8722,144.072,145.6286,144.8414
2015-04-02,144.8254,144.0404,145.5494,144.775
2015-04-06,144.7562,143.9911,145.4599,144.7033
2015-04-07,144.6778,143.9254,145.3649,144.6065
2015-04-08,144.58,143.8488,145.2568,144.5058
2015-04-09,144.4685,143.7555,145.1374,144.3959
2015-04-10,144.3527,143.6642,145.0119,144.2892
2015-04-13,144.2522,143.5905,144.9052,144.2025
2015-04-14,144.1605,143.5016,144.7915,144.0873
2015-04-15,144.0455,143.4033,144.6566,143.9574
2015-04-16,143.9075,143.2866,144.5024,143.8191
2015-04-17,143.7499,143.1494,144.3441,143.678
2015-04-20,143.599,143.0143,144.1864,143.5337
2015-04-21,143.4578,142.8832,144.027,143.3881
2015-04-22,143.3187,142.7547,143.8741,143.2535
2015-04-23,143.1895,142.6287,143.7303,143.1169
2015-04-24,143.0625,142.4982,143.5868,142.9667
2015-04-27,142.9177,142.3405,143.4286,142.7907
2015-04-28,142.7467,142.1649,143.2597,142.6165
2015-04-29,142.5732,141.9986,143.1056,142.469
2015-04-30,142.4206,141.8406,142.9703,142.328
2015-05-01,142.2921,141.7113,142.8681,142.2235
2015-05-04,142.2149,141.6302,142.823,142.1818
2015-05-05,142.1815,141.5895,142.8324,142.1865
2015-05-06,142.1914,141.5828,142.8851,142.2248
2015-05-07,142.2298,141.6075,142.9747,142.3011
2015-05-08,142.3195,141.685,143.1239,142.445
2015-05-11,142.4785,141.8207,143.3404,142.6479
2015-05-12,142.6902,142.0101,143.5964,142.893
2015-05-13,142.9506,142.2356,143.8806,143.157
2015-05-14,143.2524,142.503,144.2011,143.4653
2015-05-15,143.5964,142.8034,144.5485,143.7989
2015-05-18,143.9371,143.0999,144.8754,144.1055
2015-05-19,144.2475,143.3806,145.1719,144.3931
2015-05-20,144.5387,143.6551,145.4416,144.6693
2015-05-21,144.8173,143.9291,145.6858,144.9288
2015-05-22,145.0693,144.1704,145.8786,145.1285
2015-05-26,145.2429,144.3472,145.9848,145.2485
2015-05-27,145.3451,144.4733,146.0323,145.3219
2015-05-28,145.413,144.568,146.058,145.3791
2015-05-29,145.4547,144.6266,146.0583,145.3942
2015-06-01,145.4409,144.6382,146.0105,145.3504
2015-06-02,145.3715,144.5986,145.9147,145.2638
2015-06-03,145.2762,144.5251,145.7931,145.1497
2015-06-04,145.1467,144.4046,145.6341,144.9761
2015-06-05,144.9673,144.2175,145.4285,144.7418
2015-06-08,144.7255,143.9684,145.1776,144.4617
2015-06-09,144.4494,143.6961,144.9144,144.179
2015-06-10,144.1765,143.4105,144.6512,143.884
2015-06-11,143.8866,143.0981,144.3585,143.5586
2015-06-12,143.5557,142.7565,144.0276,143.2043
2015-06-15,143.1958,142.3897,143.6669,142.8393
2015-06-16,142.8263,142.0069,143.2917,142.4615
2015-06-17,142.4441,141.6183,142.9108,142.0798
2015-06-18,142.0626,141.2448,142.5589,141.7405
2015-06-19,141.7222,140.9155,142.2495,141.4445
2015-06-22,141.4332,140.6427,141.9944,141.2077
2015-06-23,141.2085,140.432,141.7968,141.0326
2015-06-24,141.0383,140.2652,141.6394,140.8869
2015-06-25,140.8893,140.1234,141.5065,140.7592
2015-06-26,140.7612,140.0065,141.3964,140.6575
2015-06-29,140.6606,139.8975,141.3145,140.5543
2015-06-30,140.5745,139.8016,141.2525,140.4542
2015-07-01,140.5028,139.7143,141.2029,140.362
2015-07-02,140.4423,139.6293,141.1398,140.2511
2015-07-06,140.3478,139.5089,141.0272,140.0914
2015-07-07,140.2045,139.3385,140.8687,139.9017
2015-07-08,140.01,139.1154,140.6554,139.6535
2015-07-09,139.7686,138.8563,140.4028,139.3732
2015-07-10,139.5155,138.589,140.1478,139.1024
2015-07-13,139.2827,138.3443,139.9136,138.8635
2015-07-14,139.0804,138.1465,139.7103,138.6713
2015-07-15,138.9195,138.0166,139.5575,138.5644
2015-07-16,138.826,137.9695,139.4733,138.5484
2015-07-17,138.8049,138.0025,139.4627,138.6136
2015-07-20,138.8764,138.1336,139.5605,138.7962
2015-07-21,139.0658,138.3735,139.7628,139.0626
2015-07-22,139.3525,138.7169,140.0554,139.4174
2015-07-23,139.7241,139.1359,140.4275,139.8481
2015-07-24,140.1432,139.5948,140.8418,140.3094
2015-07-27,140.5704,140.0578,141.2582,140.762
2015-07-28,140.9936,140.5107,141.6801,141.2191
2015-07-29,141.4145,140.9354,142.0898,141.6371
2015-07-30,141.7974,141.3056,142.4477,141.9863
2015-07-31,142.1269,141.6112,142.7522,142.2669
2015-08-03,142.3958,141.8334,142.9911,142.4687
2015-08-04,142.5753,141.9762,143.15,142.5929
2015-08-05,142.6896,142.0564,143.2547,142.67
2015-08-06,142.7515,142.0878,143.3084,142.6975
2015-08-07,142.7735,142.0919,143.3327,142.7103
2015-08-10,142.7748,142.0837,143.3584,142.7337
2015-08-11,142.7753,142.0801,143.3805,142.7595
2015-08-12,142.7595,142.0551,143.3709,142.7541
2015-08-13,142.7129,142.0071,143.3476,142.7377
2015-08-14,142.658,141.9616,143.3231,142.7295
2015-08-17,142.5967,141.9273,143.2931,142.7316
2015-08-18,142.5438,141.9093,143.2686,142.7415
2015-08-19,142.4881,141.8694,143.2374,142.7323
2015-08-20,142.3954,141.7859,143.1713,142.6781
2015-08-21,142.2494,141.6197,143.0495,142.5285
2015-08-24,141.9699,141.2999,142.8282,142.232
2015-08-25,141.6215,140.8432,142.5094,141.7741
2015-08-26,141.1708,140.2753,142.1109,141.2383
2015-08-27,140.6695,139.6562,141.6692,140.6625
2015-08-28,140.1225,138.9813,141.1702,140.0327
2015-08-31,139.5241,138.2403,140.617,139.3293
2015-09-01,138.8404,137.394,139.9805,138.5264
2015-09-02,138.066,136.4751,139.2645,137.6605
2015-09-03,137.2537,135.5271,138.5114,136.7654
2015-09-04,136.4223,134.5737,137.7302,135.8737
2015-09-08,135.6826,133.7459,136.9926,135.0972
2015-09-09,135.0688,133.0875,136.3434,134.4725
2015-09-10,134.5158,132.5716,135.7618,133.9669
2015-09-11,134.031,132.1356,135.2212,133.4989
2015-09-14,133.5692,131.7322,134.6986,133.0389
2015-09-15,133.1295,131.3706,134.2115,132.6248
2015-09-16,132.7568,131.1006,133.793,132.3057
2015-09-17,132.4905,130.937,133.4782,132.0794
2015-09-18,132.2901,130.8301,133.2254,131.9003
2015-09-21,132.1413,130.7911,133.0328,131.7901
2015-09-22,132.0284,130.7743,132.8724,131.6888
2015-09-23,131.8276,130.6878,132.6731,131.5443
2015-09-24,131.6087,130.5533,132.4495,131.3572
2015-09-25,131.3881,130.3936,132.2269,131.1721
2015-09-28,131.1762,130.2415,132.0255,131.0105
2015-09-29,130.9808,130.0995,131.8297,130.8615
2015-09-30,130.8008,129.9511,131.6376,130.7088
2015-10-01,130.6007,129.7647,131.4202,130.522
2015-10-02,130.3755,129.5603,131.181,130.3486
2015-10-05,130.1789,129.3868,130.9762,130.2157
2015-10-06,130.0145,129.2295,130.794,130.0878
2015-10-07,129.8975,129.129,130.6774,130.0246
2015-10-08,129.8642,129.0875,130.6513,130.0192
2015-10-09,129.8825,129.0971,130.683,130.0612
2015-10-12,129.9522,129.1586,130.7672,130.1624
2015-10-13,130.0866,129.2782,130.9127,130.315
2015-10-14,130.2638,129.4475,131.1104,130.5061
2015-10-15,130.4758,129.6678,131.3524,130.7526
2015-10-16,130.7603,129.9563,131.6605,131.0498
2015-10-19,131.0863,130.283,131.991,131.3516
2015-10-20,131.4166,130.6234,132.3293,131.6677
2015-10-21,131.7464,130.9525,132.6619,131.9715
2015-10-22,132.0632,131.2627,132.9933,132.2755
2015-10-23,132.3823,131.5737,133.3142,132.578
2015-10-26,132.7084,131.8902,133.6359,132.8824
2015-10-27,133.0216,132.1948,133.9449,133.1745
2015-10-28,133.328,132.5012,134.2689,133.4995
2015-10-29,133.6705,132.8376,134.6167,133.8545
2015-10-30,134.0258,133.1812,134.9685,134.1939
2015-11-02,134.3542,133.504,135.3174,134.5406
2015-11-03,134.701,133.844,135.6901,134.9105
2015-11-04,135.0688,134.2002,136.069,135.2915
2015-11-05,135.4477,134.5689,136.4319,135.6612
2015-11-06,135.8005,134.9105,136.7538,135.9855
2015-11-09,136.0974,135.1809,137.0269,136.2393
2015-11-10,136.3319,135.4041,137.247,136.4522
2015-11-11,136.5277,135.5861,137.407,136.6047
2015-11-12,136.6559,135.6872,137.4776,136.6474
2015-11-13,136.6835,135.6978,137.4667,136.6159
2015-11-16,136.6403,135.6364,137.3814,136.518
2015-11-17,136.5269,135.5,137.2117,136.3325
2015-11-18,136.3266,135.2873,136.9894,136.1017
2015-11-19,136.0847,135.0341,136.7324,135.8332
2015-11-20,135.8157,134.7637,136.4744,135.5739
2015-11-23,135.5635,134.5303,136.2292,135.3459
2015-11-24,135.3382,134.3305,136.0104,135.1525
2015-11-25,135.1395,134.1504,135.8164,134.9689
2015-11-27,134.9564,133.9979,135.6603,134.8312
2015-11-30,134.8264,133.9048,135.5532,134.7593
2015-12-01,134.769,133.877,135.5149,134.7527
2015-12-02,134.7807,133.9153,135.5504,134.8124
2015-12-03,134.8498,133.9904,135.6196,134.8837
2015-12-04,134.9319,134.0743,135.7011,134.9647
2015-12-07,135.0154,134.151,135.7843,135.0358
2015-12-08,135.078,134.1959,135.8492,135.0803
2015-12-09,135.1206,134.1922,135.893,135.0718
2015-12-10,135.1192,134.151,135.8955,135.0249
2015-12-11,135.0675,134.0587,135.8484,134.9372
2015-12-14,134.9688,133.9175,135.7666,134.8138
2015-12-15,134.8355,133.7428,135.6625,134.657
2015-12-16,134.6653,133.5237,135.5232,134.4773
2015-12-17,134.4745,133.2972,135.364,134.2896
2015-12-18,134.2663,133.048,135.1819,134.0712
2015-12-21,134.0405,132.7789,134.9597,133.814
2015-12-22,133.7945,132.502,134.7313,133.5642
2015-12-23,133.5628,132.2676,134.5217,133.3605
2015-12-24,133.3703,132.0805,134.3453,133.2114
2015-12-28,133.2407,131.9535,134.2236,133.1189
2015-12-29,133.1884,131.8973,134.1655,133.085
2015-12-30,133.1814,131.8775,134.1195,133.0552
2015-12-31,133.1664,131.8617,134.057,133.0045
2016-01-04,133.1101,131.8175,133.9534,132.9191
2016-01-05,133.0295,131.7611,133.8293,132.8374
2016-01-06,132.9388,131.737,133.7363,132.8201
2016-01-07,132.873,131.74,133.6611,132.8096
2016-01-08,132.8082,131.717,133.5645,132.7483
2016-01-11,132.6945,131.6173,133.4169,132.6145
2016-01-12,132.5194,131.4513,133.2144,132.4215
2016-01-13,132.2696,131.1921,132.941,132.1314
2016-01-14,131.9198,130.8425,132.5999,131.7747
2016-01-15,131.4943,130.4226,132.213,131.3792
2016-01-19,131.0614,129.9951,131.826,130.9914
2016-01-20,130.6321,129.5618,131.4365,130.5745
2016-01-21,130.183,129.0773,131.0163,130.09
2016-01-22,129.7286,128.5641,130.5717,129.5821
2016-01-25,129.2628,128.0304,130.1207,129.0693
2016-01-26,128.7869,127.5195,129.6817,128.5869
2016-01-27,128.3233,127.0408,129.271,128.122
2016-01-28,127.8724,126.5954,128.8735,127.6942
2016-01-29,127.4695,126.2171,128.53,127.3535
2016-02-01,127.1675,125.9305,128.2589,127.083
2016-02-02,126.9413,125.7,128.0435,126.8474
2016-02-03,126.7517,125.4832,127.8577,126.6517
2016-02-04,126.6154,125.3315,127.7297,126.531
2016-02-05,126.5176,125.227,127.6422,126.4578
2016-02-08,126.4281,125.1599,127.5871,126.4309
2016-02-09,126.3762,125.1372,127.5779,126.4588
2016-02-10,126.3927,125.1522,127.6111,126.5218
2016-02-11,126.4271,125.1906,127.6565,126.6093
2016-02-12,126.4894,125.2407,127.7118,126.6835
2016-02-16,126.5539,125.2947,127.7597,126.7413
2016-02-17,126.6007,125.3521,127.8056,126.8176
2016-02-18,126.6803,125.4849,127.9075,126.9547
2016-02-19,126.7906,125.6607,128.0404,127.1118
2016-02-22,126.9393,125.8745,128.2146,127.3017
2016-02-23,127.1392,126.1419,128.4308,127.532
2016-02-24,127.39,126.4338,128.6695,127.7683
2016-02-25,127.6645,126.758,128.923,128.04
2016-02-26,127.9892,127.1372,129.2265,128.3612
2016-02-29,128.3911,127.582,129.6007,128.7462
2016-03-01,128.8436,128.0842,130.0558,129.2228
2016-03-02,129.3624,128.6443,130.5723,129.7592
2016-03-03,129.9225,129.2238,131.1095,130.3085
2016-03-04,130.5042,129.7985,131.6534,130.8786
2016-03-07,131.0985,130.3902,132.2155,131.4772
2016-03-08,131.7129,130.9933,132.7895,132.0905
2016-03-09,132.3567,131.6279,133.396,132.7415
2016-03-10,133.0313,132.2958,134.0385,133.4198
2016-03-11,133.7362,132.9929,134.7199,134.1254
2016-03-14,134.4295,133.6792,135.3891,134.8193
2016-03-15,135.0994,134.3455,136.0272,135.4892
2016-03-16,135.7439,134.9885,136.6284,136.1111
2016-03-17,136.3468,135.6012,137.2172,136.7247
2016-03-18,136.9465,136.2082,137.806,137.3221
2016-03-21,137.5263,136.7949,138.3709,137.8875
2016-03-22,138.0899,137.3641,138.921,138.4316
2016-03-23,138.6216,137.8968,139.4369,138.9282
2016-03-24,139.079,138.3619,139.8909,139.3646
2016-03-28,139.4771,138.7709,140.2857,139.7495
2016-03-29,139.8204,139.1225,140.62,140.0749
2016-03-30,140.1305,139.4444,140.926,140.3685
2016-03-31,140.4288,139.7415,141.2241,140.6494
2016-04-01,140.7119,140.0181,141.5057,140.9146
2016-04-04,140.9765,140.2745,141.7481,141.139
2016-04-05,141.1903,140.479,141.9448,141.3168
2016-04-06,141.3575,140.6334,142.0961,141.4593
2016-04-07,141.4795,140.7441,142.1995,141.5605
2016-04-08,141.5805,140.8393,142.2882,141.6538
2016-04-11,141.6848,140.9243,142.3734,141.7308
2016-04-12,141.7742,141.0025,142.4549,141.8065
2016-04-13,141.8595,141.077,142.5357,141.8768
2016-04-14,141.9243,141.1397,142.6011,141.9451
2016-04-15,141.991,141.2012,142.6437,141.9916
2016-04-18,142.0377,141.2513,142.6775,142.0361
2016-04-19,142.0954,141.3219,142.7373,142.1141
2016-04-20,142.1931,141.4446,142.8403,142.2405
2016-04-21,142.3438,141.6186,143.0015,142.408
2016-04-22,142.5403,141.8373,143.2114,142.6228
2016-04-25,142.7599,142.0871,143.4476,142.8762
2016-04-26,143.0205,142.3796,143.7219,143.1743
2016-04-27,143.3173,142.7005,144.0274,143.5002
2016-04-28,143.6368,143.0368,144.3545,143.8331
2016-04-29,143.9538,143.3693,144.6886,144.1677
2016-05-02,144.2694,143.7101,145.0458,144.5283
2016-05-03,144.6042,144.0454,145.3959,144.8681
2016-05-04,144.901,144.3294,145.6921,145.1479
2016-05-05,145.1384,144.5576,145.9316,145.3789
2016-05-06,145.3152,144.7309,146.1097,145.5595
2016-05-09,145.4475,144.8326,146.2311,145.6645
2016-05-10,145.5148,144.8653,146.2931,145.702
2016-05-11,145.5153,144.8156,146.285,145.6545
2016-05-12,145.4509,144.7016,146.2075,145.5495
2016-05-13,145.3435,144.536,146.0788,145.386
2016-05-16,145.185,144.3154,145.886,145.1583
2016-05-17,144.9655,144.0318,145.6317,144.8669
2016-05-18,144.6995,143.7214,145.3569,144.5605
2016-05-19,144.4214,143.3951,145.0719,144.2429
2016-05-20,144.139,143.0599,144.78,143.9088
2016-05-23,143.8458,142.7317,144.4791,143.5753
2016-05-24,143.5504,142.4222,144.1871,143.2617
2016-05-25,143.2742,142.1492,143.9153,142.9795
2016-05-26,143.0213,141.9156,143.6754,142.738
2016-05-27,142.7998,141.7283,143.4689,142.5393
2016-05-31,142.6209,141.5657,143.3034,142.3657
2016-06-01,142.4726,141.4481,143.1841,142.253
2016-06-02,142.3735,141.3777,143.1045,142.1869
2016-06-03,142.3115,141.3419,143.0468,142.1492
2016-06-06,142.2793,141.3428,143.0181,142.1395
2016-06-07,142.2712,141.3665,143.0152,142.1545
2016-06-08,142.2841,141.3962,143.023,142.1717
2016-06-09,142.2942,141.4165,143.0165,142.1819
2016-06-10,142.2904,141.4131,142.9936,142.1694
2016-06-13,142.2611,141.3878,142.9577,142.1373
2016-06-14,142.2011,141.3474,142.899,142.0944
2016-06-15,142.1255,141.3126,142.8229,142.0494
2016-06-16,142.0447,141.2554,142.7454,141.9883
2016-06-17,141.9581,141.1921,142.6698,141.9176
2016-06-20,141.8737,141.127,142.5995,141.8425
2016-06-21,141.7872,141.0641,142.5394,141.7866
2016-06-22,141.7165,141.0166,142.4927,141.7443
2016-06-23,141.6759,141.0021,142.4902,141.7467
2016-06-24,141.6453,140.9949,142.5065,141.7474
2016-06-27,141.6169,140.9635,142.5062,141.7375
2016-06-28,141.6,140.9285,142.5039,141.7404
2016-06-29,141.6073,140.8901,142.5247,141.7515
2016-06-30,141.6268,140.8807,142.57,141.802
2016-07-01,141.6843,140.9194,142.6415,141.883
2016-07-05,141.7455,140.9562,142.7144,141.9728
2016-07-06,141.8021,140.9827,142.7742,142.0547
2016-07-07,141.8483,140.9833,142.8089,142.0989
2016-07-08,141.861,140.9484,142.8052,142.1091
2016-07-11,141.8745,140.9182,142.79,142.1235
2016-07-12,141.9455,140.9708,142.8329,142.2127
2016-07-13,142.0848,141.118,142.9602,142.3755
2016-07-14,142.2783,141.3359,143.1395,142.5803
2016-07-15,142.5125,141.5849,143.3341,142.7806
2016-07-18,142.7402,141.8259,143.5205,142.9793
2016-07-19,142.9703,142.074,143.7125,143.1912
2016-07-20,143.2338,142.3641,143.9378,143.4313
2016-07-21,143.5318,142.6897,144.2011,143.7028
2016-07-22,143.8536,143.0475,144.4892,144.0015
2016-07-25,144.2004,143.424,144.8048,144.3232
2016-07-26,144.518,143.763,145.0985,144.6035
2016-07-27,144.7779,144.029,145.3262,144.812
2016-07-28,144.9704,144.2213,145.4847,144.9572
2016-07-29,145.0982,144.351,145.5853,145.0541
2016-08-01,145.1767,144.4313,145.6535,145.1163
2016-08-02,145.2233,144.4648,145.6773,145.1219
2016-08-03,145.2123,144.4365,145.6421,145.0618
2016-08-04,145.1365,144.3534,145.5468,144.9573
2016-08-05,145.0213,144.2432,145.4299,144.8401
2016-08-08,144.8974,144.1282,145.3088,144.7272
2016-08-09,144.778,144.0263,145.2044,144.6385
2016-08-10,144.6852,143.9479,145.1244,144.5756
2016-08-11,144.621,143.9029,145.0857,144.5587
2016-08-12,144.6055,143.9023,145.0935,144.5851
2016-08-15,144.6379,143.9461,145.1467,144.6619
2016-08-16,144.7162,144.0505,145.2534,144.7985
2016-08-17,144.8506,144.2178,145.437,145.0174
2016-08-18,145.0655,144.4609,145.698,145.3111
2016-08-19,145.3405,144.7507,146.0089,145.6442
2016-08-22,145.6514,145.0732,146.3412,145.994
2016-08-23,145.9822,145.4184,146.6839,146.345
2016-08-24,146.3119,145.767,147.0172,146.6855
2016-08-25,146.633,146.1088,147.3343,147.0114
2016-08-26,146.9449,146.4285,147.6349,147.3088
2016-08-29,147.2339,146.7297,147.9228,147.5887
2016-08-30,147.5095,147.017,148.203,147.8608
2016-08-31,147.7753,147.2807,148.4614,148.11
2016-09-01,148.0177,147.5104,148.6852,148.3236
2016-09-02,148.232,147.709,148.8796,148.5035
2016-09-06,148.4247,147.8856,149.0648,148.6731
2016-09-07,148.6011,148.0362,149.2327,148.8238
2016-09-08,148.7636,148.169,149.3958,148.9729
2016-09-09,148.9204,148.2695,149.5526,149.088
2016-09-12,149.0402,148.3432,149.7043,149.2045
2016-09-13,149.1435,148.3899,149.8284,149.2915
2016-09-14,149.2129,148.3931,149.9063,149.3241
2016-09-15,149.2311,148.349,149.9286,149.2947
2016-09-16,149.1841,148.2523,149.8933,149.204
2016-09-19,149.0747,148.1071,149.7989,149.0495
2016-09-20,148.9031,147.9007,149.639,148.8269
2016-09-21,148.6735,147.6414,149.4228,148.558
2016-09-22,148.405,147.3463,149.168,148.2522
2016-09-23,148.1011,147.0265,148.8735,147.9192
2016-09-26,147.7725,146.7031,148.5307,147.561
2016-09-27,147.4314,146.3773,148.1615,147.1851
2016-09-28,147.086,146.062,147.7927,146.8325
2016-09-29,146.7625,145.7629,147.4401,146.4925
2016-09-30,146.4587,145.489,147.1145,146.1825
2016-10-03,146.1869,145.2372,146.8151,145.9075
2016-10-04,145.9434,145.0133,146.5437,145.6664
2016-10-05,145.7231,144.8148,146.2979,145.4544
2016-10-06,145.5176,144.6301,146.0612,145.2465
2016-10-07,145.3165,144.4632,145.8378,145.0639
2016-10-10,145.1457,144.3194,145.6491,144.9053
2016-10-11,144.9995,144.1888,145.4985,144.7775
2016-10-12,144.8736,144.0707,145.3717,144.6545
2016-10-13,144.7419,143.9514,145.2451,144.5327
2016-10-14,144.6144,143.8449,145.1283,144.4362
2016-10-17,144.5056,143.7436,145.0232,144.3449
2016-10-18,144.4149,143.6701,144.9434,144.2774
2016-10-19,144.3556,143.6259,144.8925,144.2322
2016-10-20,144.3199,143.6059,144.8738,144.2136
2016-10-21,144.3054,143.6027,144.8732,144.2109
2016-10-24,144.3036,143.5988,144.8795,144.2001
2016-10-25,144.2841,143.5831,144.8704,144.1752
2016-10-26,144.2525,143.565,144.8559,144.1541
2016-10-27,144.2374,143.5662,144.8492,144.1475
2016-10-28,144.2434,143.5743,144.8595,144.1427
2016-10-31,144.2508,143.5944,144.8736,144.1451
2016-11-01,144.2565,143.6037,144.8816,144.141
2016-11-02,144.2385,143.5867,144.8646,144.1115
2016-11-03,144.1969,143.5492,144.8259,144.0677
2016-11-04,144.1492,143.4995,144.7737,144.0125
2016-11-07,144.1106,143.4643,144.7513,143.9935
2016-11-08,144.1098,143.4699,144.7722,144.0268
2016-11-09,144.1467,143.4964,144.8673,144.1316
2016-11-10,144.259,143.6007,145.0775,144.3508
2016-11-11,144.4627,143.7986,145.3901,144.6763
2016-11-14,144.7778,144.1166,145.8214,145.1273
2016-11-15,145.2123,144.5468,146.3713,145.6995
2016-11-16,145.7723,145.1055,147.048,146.404
2016-11-17,146.4709,145.7976,147.8706,147.2578
2016-11-18,147.3175,146.6334,148.8356,148.2539
2016-11-21,148.2865,147.5926,149.9068,149.3632
2016-11-22,149.3602,148.6501,151.0568,150.5433
2016-11-23,150.519,149.7893,152.2375,151.7457
2016-11-25,151.7134,150.9643,153.3714,152.9007
2016-11-28,152.8604,152.0841,154.4086,153.9506
2016-11-29,153.9125,153.0952,155.3352,154.8808
2016-11-30,154.8523,154.0045,156.1491,155.6869
2016-12-01,155.6795,154.8093,156.8693,156.3949
2016-12-02,156.4104,155.5168,157.478,156.9857
2016-12-05,157.0353,156.1243,157.9778,157.4648
2016-12-06,157.5472,156.6198,158.37,157.8333
2016-12-07,157.964,157.0285,158.7081,158.1493
2016-12-08,158.3281,157.3901,159.01,158.421
2016-12-09,158.6294,157.6906,159.3042,158.6914
2016-12-12,158.9317,158.0051,159.6543,159.0256
2016-12-13,159.2921,158.3818,160.0752,159.4407
2016-12-14,159.7265,158.8207,160.5738,159.9274
2016-12-15,160.2255,159.3136,161.1242,160.4652
2016-12-16,160.7748,159.8443,161.7054,161.0242
2016-12-19,161.3395,160.4004,162.3184,161.6208
2016-12-20,161.9377,160.9873,162.9556,162.2407
2016-12-21,162.554,161.589,163.585,162.8482
2016-12-22,163.1508,162.1708,164.1649,163.4183
2016-12-23,163.7082,162.7112,164.6933,163.938
2016-12-27,164.222,163.2059,165.1549,164.3864
2016-12-28,164.665,163.616,165.5301,164.7255
2016-12-29,165.0022,163.9342,165.7982,164.965
2016-12-30,165.2438,164.1678,165.963,165.1103
2017-01-03,165.3971,164.318,166.0531,165.1961
2017-01-04,165.4883,164.4035,166.0786,165.2215
2017-01-05,165.5155,164.4125,166.0382,165.1725
2017-01-06,165.4652,164.3452,165.9274,165.0546
2017-01-09,165.3495,164.2141,165.7726,164.8889
2017-01-10,165.1878,164.04,165.5826,164.6707
2017-01-11,164.9721,163.8164,165.3504,164.4236
2017-01-12,164.7172,163.5595,165.0938,164.1659
2017-01-13,164.4525,163.3056,164.8373,163.9238
2017-01-17,164.201,163.0355,164.5877,163.6696
2017-01-18,163.9317,162.7579,164.3302,163.4101
2017-01-19,163.6458,162.4621,164.0545,163.1165
2017-01-20,163.3316,162.1561,163.758,162.8065
2017-01-23,163.0069,161.8427,163.4503,162.4824
2017-01-24,162.6747,161.5263,163.149,162.1695
2017-01-25,162.3674,161.2357,162.891,161.9185
2017-01-26,162.1291,161.0035,162.69,161.7268
2017-01-27,161.9535,160.8337,162.5484,161.5871
2017-01-30,161.8311,160.7089,162.4547,161.495
2017-01-31,161.7523,160.6321,162.401,161.4543
2017-02-01,161.7272,160.6206,162.4052,161.4723
2017-02-02,161.7638,160.6653,162.4644,161.5533
2017-02-03,161.8679,160.772,162.5859,161.7106
2017-02-06,162.0405,160.9426,162.7711,161.938
2017-02-07,162.2824,161.1845,163.0134,162.2273
2017-02-08,162.5668,161.4629,163.2617,162.5158
2017-02-09,162.838,161.73,163.4873,162.7711
2017-02-10,163.0757,161.9706,163.6839,162.9984
2017-02-13,163.2914,162.1939,163.8638,163.208
2017-02-14,163.4964,162.4206,164.0452,163.4168
2017-02-15,163.6995,162.6386,164.2182,163.6181
2017-02-16,163.8957,162.8563,164.3926,163.8341
2017-02-17,164.1018,163.0833,164.5881,164.0595
2017-02-21,164.3191,163.3329,164.8046,164.3011
2017-02-22,164.5511,163.5945,165.0411,164.5615
2017-02-23,164.8077,163.8848,165.3164,164.8679
2017-02-24,165.1112,164.2263,165.6585,165.2431
2017-02-27,165.4853,164.6403,166.0654,165.6865
2017-02-28,165.9187,165.1083,166.5322,166.184
2017-03-01,166.4189,165.6427,167.0815,166.7659
2017-03-02,167.0049,166.2432,167.7087,167.4005
2017-03-03,167.6475,166.8994,168.3953,168.074
2017-03-06,168.3257,167.5916,169.1063,168.7665
2017-03-07,169.032,168.3042,169.8319,169.4748
2017-03-08,169.7559,169.0263,170.5627,170.1819
2017-03-09,170.4838,169.748,171.2921,170.8757
2017-03-10,171.2066,170.454,172.0109,171.5466
2017-03-13,171.9142,171.1415,172.7165,172.2046
2017-03-14,172.6036,171.8018,173.3922,172.8325
2017-03-15,173.2485,172.4075,173.9925,173.3861
2017-03-16,173.7973,172.9195,174.4761,173.8293
2017-03-17,174.2304,173.3217,174.8407,174.1682
2017-03-20,174.5559,173.6161,175.0992,174.4046
2017-03-21,174.7787,173.7863,175.2622,174.526
2017-03-22,174.8808,173.8364,175.3155,174.5378
2017-03-23,174.8646,173.7767,175.2707,174.4511
2017-03-24,174.7458,173.6066,175.1225,174.2595
2017-03-27,174.4915,173.3082,174.8473,173.9523
2017-03-28,174.1252,172.8985,174.4703,173.5435
2017-03-29,173.6561,172.3884,174.0022,173.0311
2017-03-30,173.0949,171.8076,173.4849,172.4814
2017-03-31,172.4995,171.1886,172.9325,171.8923
2017-04-03,171.8722,170.5373,172.3502,171.2819
2017-04-04,171.223,169.8862,171.7458,170.6781
2017-04-05,170.5884,169.267,171.1551,170.0957
2017-04-06,169.9774,168.6715,170.5789,169.5338
2017-04-07,169.3774,168.1037,170.0112,168.9991
2017-04-10,168.8215,167.596,169.4905,168.5119
2017-04-11,168.3286,167.1555,169.0217,168.0733
2017-04-12,167.8813,166.7702,168.5892,167.6795
2017-04-13,167.4854,166.4232,168.1964,167.3187
2017-04-17,167.1354,166.1128,167.847,166.9978
2017-04-18,166.8184,165.8365,167.5296,166.7038
2017-04-19,166.5293,165.5821,167.2427,166.4198
2017-04-20,166.2528,165.3302,166.978,166.1518
2017-04-21,165.9816,165.0843,166.7112,165.8875
2017-04-24,165.7477,164.8667,166.4759,165.6508
2017-04-25,165.5643,164.6779,166.2817,165.4475
2017-04-26,165.4025,164.5093,166.117,165.2715
2017-04-27,165.2777,164.3621,165.9952,165.1325
2017-04-28,165.1914,164.2475,165.9105,165.0278
2017-05-01,165.1369,164.1857,165.8632,164.9736
2017-05-02,165.1355,164.1761,165.8619,164.9621
2017-05-03,165.1745,164.2161,165.9094,165.0155
2017-05-04,165.2758,164.32,166.0051,165.1186
2017-05-05,165.4397,164.471,166.148,165.258
2017-05-08,165.6222,164.6345,166.3151,165.4183
2017-05-09,165.788,164.7751,166.4656,165.5451
2017-05-10,165.9096,164.8716,166.5613,165.6256
2017-05-11,165.9788,164.918,166.5954,165.6588
2017-05-12,165.9953,164.9368,166.5805,165.6617
2017-05-15,165.9818,164.92,166.5338,165.6287
2017-05-16,165.9321,164.8616,166.4531,165.5636
2017-05-17,165.8343,164.745,166.3149,165.4274
2017-05-18,165.6661,164.5511,166.104,165.2121
2017-05-19,165.4105,164.2892,165.8397,164.9544
2017-05-22,165.1148,164.0027,165.5454,164.6691
2017-05-23,164.8139,163.7361,165.2503,164.4091
2017-05-24,164.552,163.5159,164.9983,164.1971
2017-05-25,164.3427,163.3552,164.8081,164.0391
2017-05-26,164.1904,163.246,164.6764,163.9325
2017-05-30,164.0853,163.1678,164.5887,163.8549
2017-05-31,164.0089,163.1164,164.532,163.8075
2017-06-01,163.9795,163.1148,164.5286,163.8313
2017-06-02,164.0217,163.1971,164.6027,163.9473
2017-06-05,164.1614,163.3708,164.7539,164.136
2017-06-06,164.3608,163.6012,164.9441,164.3639
2017-06-07,164.5825,163.8421,165.1534,164.6001
2017-06-08,164.8061,164.0812,165.3764,164.8362
2017-06-09,165.0288,164.3311,165.6233,165.104
2017-06-12,165.2745,164.5986,165.8977,165.3971
2017-06-13,165.5523,164.9013,166.2046,165.7265
2017-06-14,165.8634,165.2425,166.5502,166.1
2017-06-15,166.2075,165.6199,166.9237,166.4937
2017-06-16,166.5616,166.0002,167.2998,166.8765
2017-06-19,166.9188,166.3763,167.6807,167.2625
2017-06-20,167.285,166.7508,168.0788,167.6588
2017-06-21,167.6798,167.1391,168.5023,168.0745
2017-06-22,168.095,167.5373,168.9327,168.4934
2017-06-23,168.5206,167.9132,169.3366,168.8687
2017-06-26,168.9093,168.2435,169.6767,169.174
2017-06-27,169.2255,168.4979,169.9394,169.3981
2017-06-28,169.4627,168.6788,170.1356,169.5502
2017-06-29,169.6493,168.8013,170.2809,169.6348
2017-06-30,169.7868,168.8756,170.3797,169.674
2017-07-03,169.8747,168.907,170.4478,169.6774
2017-07-05,169.921,168.9054,170.4797,169.6468
2017-07-06,169.9254,168.8691,170.4773,169.5814
2017-07-07,169.9028,168.8157,170.4532,169.5132
2017-07-10,169.8654,168.7731,170.432,169.46
2017-07-11,169.8328,168.7469,170.4361,169.448
2017-07-12,169.8339,168.7623,170.4802,169.4867
2017-07-13,169.8887,168.8274,170.5578,169.5611
2017-07-14,169.9545,168.9068,170.6345,169.6512
2017-07-17,170.0145,168.9921,170.7123,169.7598
2017-07-18,170.0765,169.0782,170.78,169.865
2017-07-19,170.1348,169.1634,170.8302,169.962
2017-07-20,170.1875,169.2499,170.872,170.0575
2017-07-21,170.2383,169.3366,170.9063,170.1495
2017-07-24,170.2835,169.4194,170.9308,170.226
2017-07-25,170.3365,169.5104,170.9655,170.3086
2017-07-26,170.3993,169.6232,171.0165,170.4035
2017-07-27,170.4715,169.7423,171.0773,170.5056
2017-07-28,170.5622,169.8819,171.179,170.6507
2017-07-31,170.7169,170.07,171.3381,170.838
2017-08-01,170.9303,170.3087,171.5437,171.0725
2017-08-02,171.1981,170.6015,171.8274,171.3809
2017-08-03,171.5347,170.9607,172.1867,171.7649
2017-08-04,171.9482,171.384,172.6224,172.2166
2017-08-07,172.4054,171.8546,173.114,172.7272
2017-08-08,172.9051,172.3515,173.6452,173.2593
2017-08-09,173.4074,172.8337,174.1873,173.8035
2017-08-10,173.9165,173.3215,174.7359,174.3497
2017-08-11,174.427,173.8107,175.282,174.8775
2017-08-14,174.9184,174.2876,175.8073,175.3853
2017-08-15,175.3783,174.7389,176.3044,175.86
2017-08-16,175.8021,175.1578,176.7593,176.2866
2017-08-17,176.1815,175.5236,177.1515,176.6362
2017-08-18,176.4755,175.8095,177.4684,176.8946
2017-08-21,176.7,176.0227,177.7105,177.0778
2017-08-22,176.8813,176.2022,177.9144,177.2369
2017-08-23,177.0461,176.3807,178.0951,177.3817
2017-08-24,177.2141,176.5531,178.2578,177.4995
2017-08-25,177.3705,176.7213,178.4075,177.626
2017-08-28,177.5246,176.8753,178.5513,177.7531
2017-08-29,177.66,177.0084,178.6806,177.8695
2017-08-30,177.7835,177.1278,178.8126,177.9917
2017-08-31,177.9088,177.2598,178.9639,178.144
2017-09-01,178.073,177.4335,179.1465,178.3417
2017-09-05,178.2908,177.6221,179.3561,178.5485
2017-09-06,178.4929,177.7947,179.5399,178.7194
2017-09-07,178.6678,177.8887,179.675,178.7992
2017-09-08,178.7534,177.9053,179.7506,178.8349
2017-09-11,178.8016,177.891,179.796,178.8361
2017-09-12,178.8095,177.8421,179.8035,178.7979
2017-09-13,178.7902,177.7827,179.7954,178.7496
2017-09-14,178.7719,177.7225,179.7652,178.6747
2017-09-15,178.7389,177.6409,179.7026,178.5718
2017-09-18,178.6768,177.5285,179.6091,178.4393
2017-09-19,178.58,177.4243,179.5117,178.3327
2017-09-20,178.513,177.3793,179.4531,178.3025
2017-09-21,178.5135,177.4448,179.4781,178.3888
2017-09-22,178.6133,177.6387,179.5945,178.5875
2017-09-25,178.8069,177.9056,179.78,178.855
2017-09-26,179.0533,178.2222,180.0115,179.1676
2017-09-27,179.3622,178.5853,180.2978,179.5205
2017-09-28,179.7125,178.9816,180.6235,179.9127
2017-09-29,180.1016,179.4119,180.9965,180.3524
2017-10-02,180.5276,179.8795,181.4171,180.8394
2017-10-03,181.0009,180.378,181.8716,181.3438
2017-10-04,181.4895,180.8568,182.3263,181.8117
2017-10-05,181.95,181.3088,182.7632,182.2517
2017-10-06,182.395,181.7091,183.185,182.659
2017-10-09,182.8107,182.0923,183.5912,183.0537
2017-10-10,183.2325,182.4931,184.0149,183.462
2017-10-11,183.6542,182.8943,184.4368,183.879
2017-10-12,184.0685,183.283,184.8514,184.2845
2017-10-13,184.4698,183.6703,185.2616,184.6847
2017-10-16,184.873,184.067,185.6704,185.0769
2017-10-17,185.2708,184.4568,186.0587,185.4489
2017-10-18,185.6455,184.8301,186.4285,185.8151
2017-10-19,186.0027,185.1814,186.7685,186.1638
2017-10-20,186.3391,185.5215,187.0841,186.4912
2017-10-23,186.6492,185.8365,187.3723,186.7851
2017-10-24,186.9315,186.1201,187.6347,187.0499
2017-10-25,187.1914,186.3651,187.8674,187.2711
2017-10-26,187.4277,186.5909,188.0816,187.4752
2017-10-27,187.6391,186.7912,188.2649,187.6623
2017-10-30,187.8217,186.954,188.408,187.8115
2017-10-31,187.9639,187.0737,188.5235,187.9335
2017-11-01,188.0878,187.1755,188.6254,188.0337
2017-11-02,188.1939,187.2607,188.7256,188.1283
2017-11-03,188.2945,187.335,188.8264,188.2059
2017-11-06,188.362,187.3651,188.8946,188.2443
2017-11-07,188.3898,187.3414,188.9242,188.2338
2017-11-08,188.3633,187.266,188.9029,188.169
2017-11-09,188.2573,187.1247,188.8154,188.0545
2017-11-10,188.0928,186.9252,188.6688,187.8745
2017-11-13,187.8701,186.6811,188.4832,187.6519
2017-11-14,187.6072,186.4035,188.2611,187.3976
2017-11-15,187.2891,186.0783,187.9904,187.0987
2017-11-16,186.9265,185.7152,187.6677,186.7464
2017-11-17,186.5093,185.2978,187.2732,186.3248
2017-11-20,186.0461,184.8413,186.8324,185.8735
2017-11-21,185.5614,184.3778,186.3685,185.4184
2017-11-22,185.0781,183.9281,185.8989,184.9764
2017-11-24,184.6206,183.5129,185.4422,184.5532
2017-11-27,184.2105,183.152,185.0313,184.1657
2017-11-28,183.8497,182.8402,184.689,183.8515
2017-11-29,183.5744,182.6125,184.4528,183.6277
2017-11-30,183.4137,182.498,184.3532,183.5385
2017-12-01,183.4108,182.5052,184.4097,183.6118
2017-12-04,183.5808,182.6935,184.6777,183.8893
2017-12-05,183.9578,183.078,185.1513,184.3545
2017-12-06,184.5046,183.6276,185.797,184.9822
2017-12-07,185.2113,184.3329,186.6032,185.7635
2017-12-08,186.0696,185.1762,187.5676,186.6915
2017-12-11,187.0605,186.1324,188.6685,187.7588
2017-12-12,188.1785,187.2074,189.8811,188.9327
2017-12-13,189.3823,188.3635,191.1358,190.1467
2017-12-14,190.6137,189.528,192.3576,191.3347
2017-12-15,191.813,190.6831,193.5185,192.4502
2017-12-18,192.9358,191.7899,194.578,193.4735
2017-12-19,193.9514,192.774,195.5008,194.3691
2017-12-20,194.8514,193.6474,196.3046,195.1495
2017-12-21,195.6499,194.4293,197.0128,195.8365
2017-12-22,196.3593,195.1095,197.6249,196.4117
2017-12-26,196.9521,195.6917,198.1196,196.8668
2017-12-27,197.4233,196.1592,198.4834,197.1984
2017-12-28,197.7842,196.522,198.7403,197.4447
2017-12-29,198.0697,196.8168,198.9449,197.6366
